"country","year","current_account_balance_pct_gdp","govt_gross_debt_pct_gdp","population_millions","unemployment_rate_pct","gdp_per_capita_ppp","gdp_growth_pct","inflation_avg_cpi_pct","inflation_change_pct","region","ihs_inflation","ihs_unemployment","ihs_debt","ihs_gdp_growth"
"Albania",1981,-0.455,58.184,2.726,4.224,5757.84,5.7,2.763,-3.437,"Emerging Europe",1.74071099586782,2.1476558228609,4.75683142223389,2.44122070725561
"Bulgaria",1981,0.3,64.624,8.834,6.803,13578.29,5.3,0.002,-7.174,"Emerging Europe",0.00199999866666907,2.61586942775762,4.86179289616011,2.36963744780851
"Hungary",1981,-5.794,84.981,10.706,0.232,16628.24,2.867,4.511,-4.775,"Emerging Europe",2.21173116859185,0.229967655456773,5.13560949840513,1.7755274530525
"Poland",1981,-7.415,119.969,35.887,15.84,10984.56,-10,21.207,11.807,"Emerging Europe",3.74803391410713,3.45668047171785,5.48039792626679,-2.99822295029797
"Romania",1981,-1.494,82.378,22.576,16.723,13459.56,0.1,2.2,0.677,"Emerging Europe",1.5296604950904,3.51082494833103,5.10450242932209,0.0998340788992076
"Turkiye",1981,-1.942,100.964,46.314,7.2,9306.73,4.365,36.364,-74.274,"Emerging Europe",4.28691545994608,2.67201622142785,5.30793572219841,2.17963554177114
"Albania",1982,-2.264,53.306,2.784,2.813,5800.93,2.9,3.587,0.824,"Emerging Europe",1.98935054996749,1.75759229540019,4.66928404492619,1.7863401998169
"Bulgaria",1982,0.417,25.068,8.859,12,14108.01,4.2,2.8,2.798,"Emerging Europe",1.75322890111027,3.17978543769988,3.91513690857157,2.14211190823691
"Hungary",1982,-2.206,64.84,10.695,0.154,17117.85,2.841,7.016,2.505,"Emerging Europe",2.64638097222746,0.153397695364218,4.86512933610727,1.76692987304056
"Romania",1982,1.891,146.229,22.683,14.1,13918.4,3.9,16.928,14.728,"Emerging Europe",3.52298752296998,3.34057709467676,5.67833275798745,2.07016923992771
"Turkiye",1982,-1.071,25.123,47.382,7.6,9408.98,3.429,31.111,-5.253,"Emerging Europe",4.13096682760405,2.72559584926382,3.91732679951162,1.94603014214382
"Bulgaria",1983,0.082,85.658,8.881,10.8,14494.89,3,2.8,0,"Emerging Europe",1.75322890111027,3.07482980347381,5.1435438751245,1.81844645923207
"Hungary",1983,-0.829,28.683,10.672,0.173,17279.19,0.723,6.403,-0.613,"Emerging Europe",2.55595657788822,0.172148466535252,4.04975552704237,0.671407098167905
"Poland",1983,-2.093,283.181,36.731,16.325,10783.71,5.6,22.118,-78.712,"Emerging Europe",3.79004957816816,3.48678160501832,6.33923656725701,2.42379204358752
"Romania",1983,2.408,36.426,22.775,5.398,14694.03,6,4.686,-12.242,"Emerging Europe",2.24892193094768,2.3876470785446,4.28861834838792,2.49177985264491
"Turkiye",1983,-2.263,55.908,48.461,7.51,9637.19,4.758,31.335,0.224,"Emerging Europe",4.13813738007132,2.71378607743266,4.71693463555842,2.26383913341155
"Albania",1984,-1.316,87.02,2.904,4.41,5734.57,2,16.91,-169.632,"Emerging Europe",3.52192548366203,2.18963558035172,5.15931817049924,1.44363547517881
"Bulgaria",1984,1.154,123.276,8.897,35.003,15134.98,4.6,2.8,0,"Emerging Europe",1.75322890111027,4.24878493688929,5.50758937482152,2.23081417900093
"Hungary",1984,0.184,69.659,10.641,0.117,17790.63,2.658,8.651,2.248,"Emerging Europe",2.8541459553649,0.116734695561201,4.93681060712158,1.70436402321365
"Poland",1984,-1.431,36.732,37.049,9.9,10652.06,-0.366,75.649,53.531,"Emerging Europe",5.0192950842033,2.98822299321415,4.29698072835459,-0.358285237721402
"Romania",1984,4.41,71.385,22.868,10.6,15512.58,6,-0.32,-5.006,"Emerging Europe",-0.31477598001879,3.05621878340352,4.96128400002596,2.49177985264491
"Turkiye",1984,-1.741,58.549,49.532,7.407,10072.02,6.823,48.378,17.043,"Emerging Europe",4.57229914631739,2.7000985965113,4.76308411219388,2.61877387436073
"Albania",1985,-1.158,59.372,2.965,5.853,5533.6,-1.5,1.265,-15.645,"Emerging Europe",1.05692926999256,2.46732056733912,4.77704082907293,-1.19476321728711
"Bulgaria",1985,-0.343,21.425,8.903,7.789,15396.36,1.8,2.8,0,"Emerging Europe",1.75322890111027,2.74995517550353,3.75824982662664,1.35044074027497
"Hungary",1985,-2.122,66.117,10.599,0.041,17815.32,-0.253,7.007,-1.644,"Emerging Europe",2.64511022579049,0.0409885218471973,4.88463026468889,-0.250375858460137
"Poland",1985,-1.385,44.538,37.327,18.904,10981.04,3.862,15.107,-60.542,"Emerging Europe",3.40939902482428,3.63321955975979,4.4896159454538,2.06068757597613
"Romania",1985,2.863,47.91,22.971,4,15427.1,-0.1,-0.2,0.12,"Emerging Europe",-0.198690110349241,2.0947125472611,4.56258032865833,-0.0998340788992076
"Turkiye",1985,-1.091,71.393,50.582,6.946,10282.99,4.258,44.506,-3.872,"Emerging Europe",4.48889738086498,2.63645499608547,4.96139605111583,2.15545885295445
"Albania",1986,0.057,44.687,3.023,5.43,5731.6,5.6,3.593,2.328,"Emerging Europe",1.99096056494657,2.3934593805399,4.49295498093457,2.42379204358752
"Bulgaria",1986,-2.707,12.259,8.901,5.021,16217.47,5.3,2.7,-0.0999999999999996,"Emerging Europe",1.71905185120893,2.31654848591033,3.20106693321377,2.36963744780851
"Hungary",1986,-5.527,54.735,10.56,0.212,18155.48,1.535,5.292,-1.715,"Emerging Europe",2.36815310294056,0.210443262303519,4.69573397548809,1.21402222123796
"Poland",1986,-1.498,82.508,37.558,5.21,11294.9,3.494,17.793,2.686,"Emerging Europe",3.57274103112032,2.35281244472806,5.10607916069678,1.96407083733579
"Romania",1986,2.672,34,23.093,3.9,15714.4,2.4,0.7,0.9,"Emerging Europe",0.652666566082356,2.07016923992771,4.21972389803107,1.6094379124341
"Turkiye",1986,-1.432,63.046,51.606,7.716,10778.57,6.941,34.617,-9.889,"Emerging Europe",4.23770062868923,2.74061616488147,4.83707468958852,2.63574225192765
"Albania",1987,0.265,51.156,3.084,5.164,5573.33,-0.8,1.15,-2.443,"Emerging Europe",0.983566153809355,2.34410441994605,4.62812248600046,-0.732668256045411
"Bulgaria",1987,-1.768,40.384,8.889,4.117,17002.42,4.7,2.7,0,"Emerging Europe",1.71905185120893,2.12270543194335,4.39173410489634,2.2518395970316
"Hungary",1987,-2.49,28.981,10.509,0.315,18982.03,4.051,8.682,3.39,"Emerging Europe",2.85769937381482,0.310010416495237,4.06008514566695,2.10700821860874
"Poland",1987,-0.594,94.73,37.75,7.828,11496.11,2.302,25.23,7.437,"Emerging Europe",3.92157345238344,2.7549092822731,5.24420577824548,1.57107570424028
"Romania",1987,3.495,66.636,23.224,3.7,15750.4,0.8,1.1,0.4,"Emerging Europe",0.950346929821134,2.01926065615496,4.8924484496389,0.732668256045411
"Turkiye",1987,-0.678,37.411,52.607,8.131,11633.68,10.027,38.851,4.234,"Emerging Europe",4.3530465846385,2.79259122317927,4.3152905361855,3.00090596606618
"Bulgaria",1988,-0.604,44.872,8.865,5.621,17457.07,2.4,2.5,-0.2,"Emerging Europe",1.6472311463711,2.42747695508807,4.49708531177811,1.6094379124341
"Hungary",1988,-1.926,19.944,10.464,0.463,19051.39,-0.065,15.788,7.106,"Emerging Europe",3.45339879779581,0.447875676763504,3.68670344981632,-0.0649543159702414
"Poland",1988,-0.156,108.524,37.786,7.2,11862.49,3.285,60.2,34.97,"Emerging Europe",4.79088850952372,2.67201622142785,5.38013975355098,1.90491482393226
"Romania",1988,6.486,35.893,23.346,3.7,15589.84,-0.5,2.6,1.5,"Emerging Europe",1.68374314399774,2.01926065615496,4.27388346756687,-0.481211825059603
"Turkiye",1988,1.276,68.246,53.588,8.701,11662.99,2.121,73.668,34.817,"Emerging Europe",4.99276175579575,2.85987109154339,4.91631967720255,1.4964748196713
"Albania",1989,-2.691,55.95,3.228,6.721,5764.04,9.8,0.876,-628.242,"Emerging Europe",0.79092111564932,2.60387316712169,4.71768546768737,2.97812254262788
"Bulgaria",1989,-1.135,112.418,8.826,0.025,17446.14,-0.5,6.404,3.904,"Emerging Europe",2.5561108723994,0.0249973965654828,5.41539102887346,-0.481211825059603
"Hungary",1989,-1.939,6.35,10.422,0.531,19270.3,0.736,16.95,1.162,"Emerging Europe",3.52428404378375,0.508765803372802,2.54774512736254,0.68190953125817
"Romania",1989,4.635,96.512,23.431,3.4,14632.7,-5.8,0.9,-1.7,"Emerging Europe",0.808866935652782,1.9378792776645,5.26284137210762,-2.45835522547041
"Turkiye",1989,0.651,13.265,54.554,8.575,11485.36,0.253,63.267,-10.401,"Emerging Europe",4.84057349854066,2.84538090793404,3.27969392540166,0.250375858460137
"Albania",1990,-4.313,90.617,3.287,8.457,5095.14,-10,-0.18,-1.056,"Emerging Europe",-0.179041904333766,2.83161897904878,5.19981945791326,-2.99822295029797
"Bulgaria",1990,-5.723,55.899,8.771,2.9,15959.12,-9.1,23.9,17.496,"Emerging Europe",3.86746301985519,1.7863401998169,4.71677366959998,-2.90442697297148
"Hungary",1990,0.842,30.412,10.375,2.082,18679.61,-3.497,28.97,12.02,"Emerging Europe",4.05970574047704,1.4797168843527,4.10825464088592,-1.96489598154509
"Turkiye",1990,-1.265,76.085,55.511,7.998,12332.08,9.255,60.317,-2.95,"Emerging Europe",4.79282987761577,2.77622418071794,5.02504150002919,2.92121711532667
"Albania",1991,-12.368,25.487,3.267,8.9,3690.68,-28,35.717,35.897,"Emerging Europe",4.26896985910901,2.88233978630097,3.93170033664132,-4.02567041586982
"Hungary",1991,-3.589,82.937,10.373,8.415,16460.87,-11.892,34.234,5.264,"Emerging Europe",4.22657973124075,2.8266749211186,5.11126480690741,-3.17077620451968
"Poland",1991,-2.662,48.177,38.286,11.8,10492,-7.005,70.3,-515.5,"Emerging Europe",4.94596956142433,3.16303735678811,4.56813660301944,-2.6448276204667
"Russian Federation",1991,2.542,20.591,148.394,6.79,20463.7,3.429,6.077,4.033,"Emerging Europe",2.5043601860847,2.61397705194139,3.71859038440751,1.94603014214382
"Turkiye",1991,0.436,95.222,56.457,7.66,12237.75,0.926,65.967,5.65,"Emerging Europe",4.88235924213267,2.73339290359862,5.24938575877474,0.828068081488384
"Bulgaria",1992,-3.029,96.137,8.607,13.24,13290.8,-8.426,82,-251.5,"Emerging Europe",5.09990360600066,3.27781283602734,5.2589484864253,-2.82797214143667
"Croatia",1992,55.389,17.587,4.73,15.253,14090.05,8.201,25.694,21.474,"Emerging Europe",3.93978315091097,3.41899621471879,3.56111446516049,2.80109984102191
"Hungary",1992,-1.995,52.308,10.374,9.303,15955.72,-3.064,22.95,-11.284,"Emerging Europe",3.82693943073179,2.92636031632593,4.65038786111634,-1.83849306519421
"Poland",1992,-3.492,139.18,38.386,13.6,10677.41,2.033,43,-27.3,"Emerging Europe",4.45448247706051,3.30456588469209,5.62892814556883,1.45829686543427
"Russian Federation",1992,-1.676,13.277,148.538,5.2,17479.5,-5.424,2.466,-3.611,"Emerging Europe",1.63452930520174,2.35092571975091,3.28059559651976,-2.39237210145366
"Turkiye",1992,-0.444,18.401,57.394,7.944,12758.21,5.984,70.073,4.10599999999999,"Emerging Europe",4.94273564662687,2.76950228910571,3.6062897164349,2.48914605062667
"Ukraine",1992,-2.794,186.741,51.87,15.4,13019.82,-2.484,5.704,5.068,"Emerging Europe",2.44191166998888,3.42856716771906,5.92287697959753,-1.64127244747274
"Albania",1993,1.674,59.182,3.227,22.3,3799.69,9.6,85.005,-140.991,"Emerging Europe",5.13589185505989,3.79823620511893,4.77383599192266,2.95761198081578
"Bulgaria",1993,-17.038,58.473,8.507,15.84,11883.15,-11.625,72.804,-9.196,"Emerging Europe",4.98096524202363,3.45668047171785,4.76178540061015,-3.14814994454817
"Hungary",1993,-12.152,40.425,10.365,11.29,15876.98,-0.576,22.451,-0.498999999999999,"Emerging Europe",3.80497795368921,3.11902015004548,4.39274853279502,-0.548136435125681
"Poland",1993,-6.392,57.916,38.501,16.4,11101.88,4.287,35.3,-7.7,"Emerging Europe",4.25723071171199,3.491356728334,4.75221538916762,2.16206785797557
"Turkiye",1993,-2.588,17.375,58.328,8.368,13563.63,8.042,66.097,-3.976,"Emerging Europe",4.8843277594733,2.82111335218378,3.54900665972612,2.78166832099205
"Albania",1994,-3.706,88.934,3.208,18.4,4182.46,9.4,22.565,-62.44,"Emerging Europe",3.8100378388851,3.60623545016493,5.18107330919274,2.93667427161666
"Bulgaria",1994,-0.28,67.711,8.407,14.05,11584.36,-3.665,96,23.196,"Emerging Europe",5.25752249766017,3.33703362524562,4.90845035260536,-2.01008836010224
"Croatia",1994,4.103,24.604,4.524,14.48,14351.34,5.9,97.505,-1421.025,"Emerging Europe",5.27307713405377,3.36710578821961,3.89646893588642,2.47520521940257
"Hungary",1994,-11.76,26.327,10.35,10.118,16368.63,2.947,18.866,-3.585,"Emerging Europe",3.63121019518702,3.00989632752086,3.9641027067354,1.80155179697721
"Poland",1994,0.61,103.495,38.581,11.4,11659.25,5.239,32.2,-3.09999999999999,"Emerging Europe",4.16535466319157,3.12867867763828,5.33269382212514,2.35826425954666
"Albania",1995,-1.968,38.264,3.188,12.9,4582.92,8.9,7.794,-14.771,"Emerging Europe",2.75059167950808,3.25187343132915,4.33782739265555,2.88233978630097
"Bulgaria",1995,-1.084,94.048,8.312,11.37,11528.77,-1.601,62.1,-33.9,"Emerging Europe",4.82195799032842,3.12605373623932,5.2369807340704,-1.2495132077727
"Croatia",1995,-6.326,55.671,4.453,14.5,15548.9,6.634,1.963,-95.542,"Emerging Europe",1.42696505951174,3.36848277541722,4.71268720024228,2.59098785327933
"Hungary",1995,-3.493,84.143,10.337,10.17,16806.2,2.541,28.303,9.437,"Emerging Europe",4.03642692722195,3.01499779309082,5.12570022159032,1.66235145009522
"Moldova",1995,-5.87,79.48,2.97,14.4,5602.05,-1.428,30.216,-299.42,"Emerging Europe",4.10179247413869,3.36157884535565,5.06869217120139,-1.15414965747731
"North Macedonia",1995,-5.83,16.379,1.963,13.8,9087.87,-1.1,16.374,-110.209,"Emerging Europe",3.48977305047097,3.31912594469396,3.4900777983883,-0.950346929821134
"Poland",1995,0.613,48.711,38.581,13.341,12443.76,6.728,27.875,-4.325,"Emerging Europe",4.02119899902417,3.28539086467086,4.57915740364891,2.60490281391999
"Romania",1995,-4.42,58.244,22.927,9.882,12676.22,7.138,32.272,-104.47,"Emerging Europe",4.16758711794566,2.9864123866463,4.75786195019549,2.66345075206986
"Turkiye",1995,-1.001,77.944,60.184,7.109,13321.68,7.19,89.566,-14.974,"Emerging Europe",5.18815412681626,2.65941924420509,5.04917894859704,2.67063959961494
"Albania",1996,-7.894,86.2,3.168,12.3,5031.14,9.1,12.734,4.94,"Emerging Europe",3.23896094597104,3.20439481754902,5.14985100191475,2.90442697297148
"Bosnia and Herzegovina",1996,-16.1,19.098,3.763,50,4581.59,0.024,15.38,-5.827,"Emerging Europe",3.42727035709121,4.60527017099142,3.64341552620502,0.0239976965969921
"Croatia",1996,-4.262,44.151,4.494,9.952,16311.42,5.874,3.644,1.681,"Emerging Europe",2.00454576579626,2.99343538654466,4.48089098320125,2.47085107316091
"Hungary",1996,-3.83,71.435,10.321,9.89,16846.12,0.082,23.455,-4.848,"Emerging Europe",3.84868499512877,2.98721750337829,4.96198411345845,0.0819083822804017
"Moldova",1996,-11.324,87.492,2.96,13,5288.34,-5.9,23.506,-6.71,"Emerging Europe",3.85085504394793,3.25957255626292,5.16472719860533,-2.47520521940257
"North Macedonia",1996,-7.14,108.037,1.977,31.992,9133.51,1.2,2.467,-13.907,"Emerging Europe",1.63490503211733,4.15887722539768,5.37564235970936,1.01597313417969
"Poland",1996,-2.079,43.144,38.609,12.343,13210.28,6.239,19.9,-7.975,"Emerging Europe",3.68449761251291,3.20787321895299,4.45782481871408,2.5303286753345
"Romania",1996,-6.584,98.262,22.8,7.323,13250.37,3.948,38.809,6.537,"Emerging Europe",4.35196530513433,2.6887968835968,5.28081045244165,2.08202292494202
"Russian Federation",1996,2.448,55.151,148.16,9.258,12915.19,-3.581,47.752,-149.548,"Emerging Europe",4.55927775033302,2.92153933704712,4.70330424102568,-1.98773803417773
"Turkiye",1996,-0.973,75.206,61.106,6.124,14040.15,7.007,80.236,-9.33,"Emerging Europe",5.07815830330766,2.51196304066855,5.01342239393512,2.64511022579049
"Ukraine",1996,-2.569,76.653,50.4,10,7004.43,-10,80.23,-296.516,"Emerging Europe",5.07808352691857,2.99822295029797,5.03247846958914,-2.99822295029797
"Albania",1997,-13.047,72.194,3.148,14.9,4509.64,-10.924,33.167,20.433,"Emerging Europe",4.19492977124402,3.39563257159034,4.97255208353604,-3.086197795635
"Bosnia and Herzegovina",1997,-9.534,147.494,3.736,32.296,5669.28,22.853,5.732,-9.648,"Emerging Europe",2.44673528600701,4.16833016390966,5.68694616923405,3.82270792609502
"Croatia",1997,-11.255,54.902,4.572,9.906,17098.62,6.645,3.709,0.0649999999999999,"Emerging Europe",2.0216061797652,2.98882580464247,4.69877988790026,2.59262612738353
"Hungary",1997,-4.06,62.329,10.301,8.73,17409.35,3.143,18.295,-5.16,"Emerging Europe",3.60052106545788,2.86317681123456,4.82563833305301,1.86272252504889
"Moldova",1997,-14.257,89.049,2.95,12,5390.82,1.6,11.773,-11.733,"Emerging Europe",3.16075479997007,3.17978543769988,5.18236548604236,1.24898332790488
"North Macedonia",1997,-7.57,54.23,1.983,36.104,9227.7,1.351,1.294,-1.173,"Emerging Europe",1.07478748336432,4.27974257943742,4.68646643877135,1.10916752703193
"Poland",1997,-3.647,42.683,38.639,11.246,14135.45,7.086,14.9,-5,"Emerging Europe",3.39563257159034,3.11513056900087,4.44708509083972,2.65621035762264
"Russian Federation",1997,-0.193,51.519,147.915,10.808,13114.57,1.376,14.761,-32.991,"Emerging Europe",3.38628116150121,3.07556711843256,4.63519202900353,1.1239527080906
"Turkiye",1997,-1.007,53.678,62.023,6.318,14873.72,7.528,85.653,5.417,"Emerging Europe",5.14348550573443,2.54275482754997,4.67623716897144,2.71615911865472
"Ukraine",1997,-2.574,28.892,49.974,9.8,6852.28,-3,15.886,-64.344,"Emerging Europe",3.45957455865388,2.97812254262788,4.05701127799874,-1.81844645923207
"Albania",1998,-6.944,71.184,3.129,17.7,4938.8,8.829,20.646,-12.521,"Emerging Europe",3.72125476149853,3.56750884936513,4.95846458825608,2.87438075200075
"Bosnia and Herzegovina",1998,-6.535,54.397,3.732,29.334,6459.33,13.814,-0.279,-6.011,"Emerging Europe",-0.275501602448516,4.07218484116532,4.68954066218036,3.32013727411342
"Bulgaria",1998,1.144,67.322,8.105,12.367,11087.3,3.789,18.679,-1042.531,"Emerging Europe",3.62126283718122,3.2098094211632,4.90268941395108,2.04222498258184
"Croatia",1998,-6.103,23.337,4.501,11.637,17691.72,1.862,6.709,3,"Emerging Europe",2.60210561499651,3.1491778779182,3.84364598809159,1.38016015165913
"Hungary",1998,-7.066,60.518,10.28,7.8,18125.27,3.9,14.227,-4.068,"Emerging Europe",3.34952159808366,2.75135495425924,4.79615627574072,2.07016923992771
"Moldova",1998,-19.728,159.41,2.946,9.232,5048.27,-6.5,7.696,-4.077,"Emerging Europe",2.73804236418184,2.918743313441,5.76463651810714,-2.5708146780957
"North Macedonia",1998,-8.253,133.61,1.993,34.481,9493.8,3.381,0.544,-0.75,"Emerging Europe",0.520216500042037,4.23376583341205,5.58808629318834,1.93250428506008
"Poland",1998,-4.003,38.669,38.66,10.576,14831.71,4.982,11.8,-3.1,"Emerging Europe",3.16303735678811,3.0539621080115,4.3483525755651,2.30890212721638
"Romania",1998,-6.798,63.784,22.565,9.611,11971.84,-4.818,59.097,-95.666,"Emerging Europe",4.77239891745262,2.95875100230226,4.84871099933557,-2.27610592226198
"Russian Federation",1998,0.025,135.193,147.671,11.875,12437.53,-5.319,27.686,12.925,"Emerging Europe",4.01440004302838,3.16935068764126,5.59986424568328,-2.37315411362051
"Serbia",1998,-5.007,55.93,9.776,12.8,7123.58,6.8,30,25.736,"Emerging Europe",4.09462222433053,3.24411474972726,4.71732799887509,2.61543304000393
"Turkiye",1998,0.725,39.592,62.912,6.373,15117.16,3.092,84.721,-0.932000000000002,"Emerging Europe",5.13254551390402,2.55131677135415,4.37193370700949,1.84714478261233
"Ukraine",1998,-2.992,46.537,49.545,11.3,6780.25,-1.9,10.577,-5.309,"Emerging Europe",3.05405623744643,3.11990204801234,4.53351029221857,-1.39799836511143
"Albania",1999,-1.946,68.183,3.109,18.4,5610.87,12.891,0.389,-20.257,"Emerging Europe",0.3798028114801,3.60623545016493,4.91539621905132,3.25117760245277
"Bosnia and Herzegovina",1999,-8.694,56.039,3.743,31.1,7132.65,10.75,2.841,3.12,"Emerging Europe",1.76692987304056,4.130613374997,4.71927465643402,3.07020928021674
"Bulgaria",1999,-2.918,78.671,8.067,13.79,10204.63,-8.396,2.572,-16.107,"Emerging Europe",1.67364430669827,3.31840294146784,5.0584621711228,-2.82443032443477
"Croatia",1999,-6.314,30.017,4.554,18.633,17322.24,-0.936,4.014,-2.695,"Emerging Europe",2.09810246529595,3.61880067583838,4.09518841621658,-0.835387153519807
"Hungary",1999,-7.89,60.403,10.253,7,18731.1,3.071,9.973,-4.254,"Emerging Europe",2.99553275250338,2.64412076105863,4.79425446698911,1.84066267721126
"Moldova",1999,-5.793,150.739,2.941,11.118,4884.47,-3.4,39.262,31.566,"Emerging Europe",4.36356645031337,3.10372898014865,5.70870804726587,-1.9378792776645
"North Macedonia",1999,-2.522,29.834,2.002,32.411,9862.93,4.348,-1.279,-1.823,"Emerging Europe",-1.06558185149393,4.17188295504738,4.08907662258341,2.17583223348591
"Poland",1999,-7.427,39.343,38.667,13.133,15499.92,4.524,7.3,-4.5,"Emerging Europe",2.68568016777615,3.26972166543112,4.36562672185909,2.21454085295976
"Romania",1999,-4.022,5.398,22.458,7.175,11890.51,-1.15,45.804,-13.293,"Emerging Europe",4.51763774355916,2.6685711410872,2.3876470785446,-0.983566153809355
"Russian Federation",1999,10.901,92.379,147.215,13.033,13267.97,6.347,85.746,58.06,"Emerging Europe",5.14457061916471,3.2621003525659,5.21907615436226,2.54727833033059
"Serbia",1999,-11.164,34.53,7.54,13.3,8364.86,-9.424,41.1,11.1,"Emerging Europe",4.40930326739441,3.28232153671022,4.23518530114378,-2.93920993744589
"Turkiye",1999,-0.361,47.598,63.818,7.155,14416.15,-3.263,64.87,-19.851,"Emerging Europe",4.86559185148745,2.66580658809976,4.55604825337313,-1.89848828269178
"Ukraine",1999,5.076,58.959,49.115,11.9,6825.91,-0.2,22.684,12.107,"Emerging Europe",3.8152925053698,3.17144633596124,4.77006137825135,-0.198690110349241
"Albania",2000,-7.07,63.769,3.089,16.8,6038.99,6.946,0.039,-0.35,"Emerging Europe",0.0389901202606949,3.51541066337007,4.84847583189147,2.63645499608547
"Bosnia and Herzegovina",2000,-7.125,34.686,3.751,31.1,7433.58,4.442,4.973,2.132,"Emerging Europe",2.30712941182836,4.130613374997,4.23969105646497,2.19668785147191
"Bulgaria",2000,-3.114,73.341,8.15,18.134,10564.7,4.587,10.318,7.746,"Emerging Europe",3.02937716972696,3.59169518791293,4.98831345287899,2.22804886092059
"Croatia",2000,-1.41,35.445,4.381,20.592,18681.36,3.749,4.605,0.591,"Emerging Europe",2.23187577638962,3.71863889096916,4.26132830994598,2.03196692680393
"Hungary",2000,-8.503,55.705,10.222,6.433,19629.45,4.479,9.788,-0.185,"Emerging Europe",2.97690363964874,2.5605752114841,4.71329764630874,2.20478201024265
"Moldova",2000,-7.47,89.099,2.934,8.5,4999.33,2.1,31.206,-8.056,"Emerging Europe",4.13401418819709,2.83665572896893,5.18292678171433,1.48748283664127
"North Macedonia",2000,-1.791,45.561,2.01,31.727,10270.89,4.539,6.608,7.887,"Emerging Europe",2.58710498643344,4.15056350165998,4.51231968144589,2.21777324696563
"Poland",2000,-6.027,36.376,38.263,16.087,16330.67,4.26,10.1,2.8,"Emerging Europe",3.00812438409137,3.47212330452869,4.28724527756408,2.15591601425802
"Romania",2000,-2.596,29.558,22.455,7.592,12239.18,2.921,45.667,-0.137,"Emerging Europe",4.51464297218654,2.72455167285947,4.07978764008551,1.79316394121273
"Russian Federation",2000,16.309,55.868,146.597,10.558,14663.55,10.054,20.799,-64.947,"Emerging Europe",3.72862949207203,3.05226626805221,4.71621903292271,3.00358183786395
"Serbia",2000,-1.82,213.781,7.516,12.1,8906.19,6.132,70,28.9,"Emerging Europe",4.94169343911329,3.1880558098157,6.05810477723828,2.51325148133912
"Turkiye",2000,-3.616,51.318,64.73,5.997,15198.58,6.933,55.035,-9.83500000000001,"Emerging Europe",4.70119905636235,2.49128653567779,4.63128366423451,2.63460081439375
"Ukraine",2000,4.581,43.79,48.664,11.483,7295.69,5.9,28.203,5.519,"Emerging Europe",4.03288969137556,3.13590545243363,4.47268300962289,2.47520521940257
"Albania",2001,-6.315,60.613,3.06,16.44,6601.48,8.293,3.12,3.081,"Emerging Europe",1.85572586122409,3.49378827801793,4.79772461205276,2.8121744063131
"Bosnia and Herzegovina",2001,-12.844,35.23,3.755,31.1,7601.06,2.362,3.212,-1.761,"Emerging Europe",1.88343678342295,4.130613374997,4.25524653770802,1.59472312240492
"Bulgaria",2001,-3.625,67.06,7.891,17.514,11327.84,3.824,7.358,-2.96,"Emerging Europe",2.69352132150052,3.55696176904336,4.8987905090412,2.0511180736471
"Croatia",2001,-2.179,36.596,4.3,21.508,19627.99,3.125,4.26,-0.345000000000001,"Emerging Europe",2.15591601425802,3.76211213256176,4.29327274237575,1.85725084673841
"Hungary",2001,-5.824,52.253,10.2,5.74,20473.23,4.074,9.151,-0.637,"Emerging Europe",2.90998246509409,2.4481092626175,4.64933603593205,2.11250566935135
"Kosovo",2001,-7.425,70.016,1.472,7.987,6803.52,4.553,11.662,11.162,"Emerging Europe",3.15131603043233,2.77485853784599,4.94192196111134,2.22078096976847
"Moldova",2001,-1.808,85.38,2.928,7.3,5314.96,6.1,9.641,-21.565,"Emerging Europe",2.96185088177105,2.68568016777615,5.14029335488095,2.50808785933768
"Montenegro",2001,-13.628,13.546,0.607,10.05,12526.58,1.1,23.729,-6.135,"Emerging Europe",3.86028881208438,3.00318586172399,3.30059814688982,0.950346929821134
"North Macedonia",2001,-6.694,45.214,2.016,30.515,9923.26,-3.067,5.199,-1.409,"Emerging Europe",2.35073685484432,4.11163391931455,4.50467622242919,-1.83942344697578
"Poland",2001,-3.116,37.14,38.254,18.242,16531.54,1.205,5.5,-4.6,"Emerging Europe",2.40605912529802,3.59762423149468,4.30802292813184,1.01917012483021
"Romania",2001,-3.182,27.409,22.43,7.392,12892.21,5.218,34.454,-11.213,"Emerging Europe",4.23298281622219,2.69808969411162,4.00435121843421,2.35431931169542
"Russian Federation",2001,9.758,44.438,145.976,8.942,15474.26,5.082,21.477,0.678000000000001,"Emerging Europe",3.76067132741217,2.88701848424372,4.48736871499502,2.32839435941394
"Serbia",2001,1.944,100.618,7.503,12.2,9535.21,6.879,80.744,10.744,"Emerging Europe",5.08446918023988,3.19625857216558,5.30450304158789,2.62686219788446
"Turkiye",2001,1.859,75.509,65.603,7.804,14133.9,-5.75,54.246,-0.788999999999994,"Emerging Europe",4.68676138477506,2.7518634832501,5.01744287939622,-2.44982412215227
"Ukraine",2001,3.703,36.69,48.241,10.789,8007.26,8.8,11.959,-16.244,"Emerging Europe",3.17637478344231,3.07381511072373,4.29583708118873,2.87111168610111
"Albania",2002,-10.179,64.097,3.051,15.751,6921.68,4.537,5.202,2.082,"Emerging Europe",2.35130334451195,3.45105719871293,4.85360558652902,2.21734285015488
"Bosnia and Herzegovina",2002,-17.742,31.198,3.759,31.1,7976.67,5.053,0.313,-2.899,"Emerging Europe",0.308102273397102,4.130613374997,4.13375792595127,2.32277987638189
"Bulgaria",2002,-0.625,53.404,7.846,17.416,12062.25,5.872,5.813,-1.545,"Emerging Europe",2.46056161490789,3.55135970739963,4.67112047674104,2.47051536339601
"Croatia",2002,-6.389,36.453,4.302,21.783,20760.39,5.819,2.534,-1.726,"Emerging Europe",1.65978493579989,3.77480348512423,4.28935902375565,2.46157833261251
"Hungary",2002,-6.344,55.579,10.175,5.843,21496.61,4.741,5.261,-3.89,"Emerging Europe",2.36238073142787,2.4656350458487,4.71103353448507,2.26033659884152
"Kosovo",2002,-7.827,105.094,1.511,13.623,6600.54,-0.441,2.694,-8.968,"Emerging Europe",1.71696592647504,3.30625109094695,5.34802500274865,-0.42782860038547
"Moldova",2002,-1.191,80.342,2.92,6.8,5744.57,7.8,5.219,-4.422,"Emerging Europe",2.35450751336402,2.61543304000393,5.07947843177613,2.75135495425924
"Montenegro",2002,-11.505,76.708,0.61,11.4,12713.54,1.9,19.701,-4.028,"Emerging Europe",3.67446007007936,3.12867867763828,5.03319567052031,1.39799836511143
"North Macedonia",2002,-8.927,40.464,2.022,31.944,10043.62,1.494,1.07,-4.129,"Emerging Europe",0.930015203670293,4.15737645769976,4.39371252264278,1.19143040120831
"Poland",2002,-2.785,41.542,38.242,20.235,16775.32,1.443,1.9,-3.6,"Emerging Europe",1.39799836511143,3.70117096782685,4.41999697832372,1.1627236885697
"Romania",2002,-2.675,27.383,21.833,8.317,14000.05,5.703,22.498,-11.956,"Emerging Europe",3.80706714636741,2.81504350976911,4.00340280631604,2.44173897338681
"Russian Federation",2002,7.424,37.577,145.306,8.042,16283.43,4.746,15.789,-5.688,"Emerging Europe",3.4534620083739,2.78166832099205,4.31971634460671,2.26136800278779
"Serbia",2002,-3.701,71.656,7.5,14.47,10148.2,6.38,8.868,-71.876,"Emerging Europe",2.87876040576682,3.36641658462419,4.96507275762919,2.55240129678362
"Turkiye",2002,-0.261,71.506,66.402,9.764,14864.25,6.448,45.134,-9.112,"Emerging Europe",4.50290572553125,2.9744613906357,4.96297743317801,2.56287664791848
"Ukraine",2002,7.494,33.58,47.823,9.629,8505.31,5.3,0.757,-11.202,"Emerging Europe",0.698737774989554,2.96061207668661,4.20729946511656,2.36963744780851
"Albania",2003,-7.695,60.245,3.04,15,7331.74,5.529,2.363,-2.839,"Emerging Europe",1.59511292134565,3.40230664548059,4.7916356355891,2.4112336081922
"Bosnia and Herzegovina",2003,-19.241,27.635,3.76,31.1,8282.24,3.858,0.547,0.234,"Emerging Europe",0.52285013619742,4.130613374997,4.01255746179549,2.05968442355644
"Bulgaria",2003,-3.381,45.428,7.801,13.857,12766.42,5.237,2.348,-3.465,"Emerging Europe",1.58925119860147,3.32323713710333,4.50939695503429,2.35788920811297
"Croatia",2003,-8.938,37.834,4.303,19.067,21917.58,5.599,2.399,-0.135,"Emerging Europe",1.6090532287598,3.64179322679997,4.32652995684048,2.42361623773674
"Hungary",2003,-7.987,58.11,10.142,5.901,22445.24,4.074,4.665,-0.596,"Emerging Europe",2.24452976255808,2.47537231386792,4.75555897362715,2.11250566935135
"Kosovo",2003,-8.667,38.786,1.537,8.3,6654.08,2.555,1.152,-1.542,"Emerging Europe",0.984877861684303,2.8130120727167,4.35137268023505,1.6674661610731
"Moldova",2003,-6.57,68.059,2.911,7.9,6142.18,6.6,11.667,6.448,"Emerging Europe",3.15174311488264,2.76399185110002,4.91357612428374,2.58590725287313
"Montenegro",2003,-6.865,40.897,0.612,14.026,12979.46,2.5,7.502,-12.199,"Emerging Europe",2.71272959800247,3.33532830090766,4.40435332884096,1.6472311463711
"North Macedonia",2003,-3.881,36.461,2.023,36.687,10257.77,2.223,0.856,-0.214,"Emerging Europe",0.775802305533128,4.29575534205393,4.28957837784959,1.53913694381012
"Poland",2003,-2.513,46.366,38.219,19.942,17372.95,3.498,0.735,-1.165,"Emerging Europe",0.681103959406565,3.68660328983929,4.52982988185825,1.96517088420912
"Romania",2003,-4.677,24.88,21.628,7.75,14464.27,2.341,15.37,-7.128,"Emerging Europe",3.42662132191795,2.74497660511198,3.90761507181246,1.58650486997544
"Russian Federation",2003,7.178,28.334,144.649,8.233,17560.59,7.356,13.663,-2.126,"Emerging Europe",3.3091751551767,2.80496568851569,4.03752093618962,2.6932519485841
"Serbia",2003,-6.782,67.63,7.481,16,10621.01,4.388,2.901,-5.967,"Emerging Europe",1.78666614027756,3.46671103788472,4.90725350660954,2.18475885321833
"Turkiye",2003,-2.4,65.16,67.187,9.925,15537.13,5.763,25.337,-19.797,"Emerging Europe",3.92580216145809,2.99073232579275,4.87005184045733,2.45204911689174
"Ukraine",2003,5.771,29.38,47.442,9.057,9388.11,9.5,5.21,4.453,"Emerging Europe",2.35281244472806,2.89971897430336,4.07375085081514,2.94719762257003
"Albania",2004,-5.849,57.474,3.027,14.4,7768.47,5.515,2.867,0.504,"Emerging Europe",1.7755274530525,3.36157884535565,4.7445555263932,2.40873887105839
"Bosnia and Herzegovina",2004,-16.141,25.487,3.763,31.1,8793.46,6.257,0.282,-0.265,"Emerging Europe",0.278390118419877,4.130613374997,3.93170033664132,2.53317339378448
"Bulgaria",2004,-4.277,37.764,7.761,12.192,13668.04,6.51,6.149,3.801,"Emerging Europe",2.51598398965451,3.19560481331055,4.32467870320615,2.57233410844203
"Croatia",2004,-5.959,39.941,4.305,17.783,22823.18,4.18,2.144,-0.255,"Emerging Europe",1.50623998266694,3.57217974061639,4.38070722092471,2.13746902928911
"Hungary",2004,-8.529,58.847,10.117,6.122,23626.77,5.005,6.75,2.085,"Emerging Europe",2.60813203650287,2.511640674339,4.76816022046917,2.31341845081138
"Kosovo",2004,-6.969,37.971,1.631,5.5,6309.13,0.605,-1.065,-2.217,"Emerging Europe",-0.926596918614483,2.40605912529802,4.33014324070519,0.57310763187148
"Moldova",2004,-1.776,49.335,2.906,8.1,6609.52,7.4,12.426,0.759,"Emerging Europe",3.21455342755747,2.78880004092018,4.59188364707138,2.69916160639756
"Montenegro",2004,-7.176,45.372,0.613,19.209,13526.57,4.4,3.099,-4.403,"Emerging Europe",1.84929663183537,3.64920294528969,4.50816377381298,2.18742176068697
"North Macedonia",2004,-7.914,34.58,2.021,37.15,10749.584,4.674,-0.449,-1.305,"Emerging Europe",-0.435137576779378,4.30829204586469,4.23663166446783,2.2464144308366
"Poland",2004,-5.992,45.137,38.191,19.276,18251.94,4.983,3.538,2.803,"Emerging Europe",1.97610781452588,3.65268013257828,4.50297217575274,2.30909890554214
"Romania",2004,-7.58,21.329,21.521,7.983,16051.56,10.428,11.855,-3.515,"Emerging Europe",3.16767101236684,2.77436148126801,3.75376391681456,3.03993278349335
"Russian Federation",2004,9.247,20.828,144.067,7.733,18891.38,7.145,10.889,-2.774,"Emerging Europe",3.08300210206241,2.74279874204835,3.73002121334897,2.66442146794585
"Serbia",2004,-12.537,59.133,7.463,19.53,11606.94,9.028,10.602,7.701,"Emerging Europe",3.05640661102998,3.66575372586962,4.77300781284953,2.8965313270191
"Turkiye",2004,-3.47,57.158,68.01,9.688,16852.71,9.796,8.599,-16.738,"Emerging Europe",2.84815707077473,2.96668822390336,4.7390430566624,2.97771640583949
"Ukraine",2004,10.671,24.798,47.101,8.588,10572.02,11.8,9.036,3.826,"Emerging Europe",2.89741168722012,2.84688561300632,3.90431648082159,3.16303735678811
"Albania",2005,-9.106,58.203,3.011,14.1,8239.85,5.526,2.363,-0.504,"Emerging Europe",1.59511292134565,3.34057709467676,4.7571578709871,2.41069953697593
"Bosnia and Herzegovina",2005,-16.867,25.515,3.766,31.1,9158.62,4.236,3.582,3.3,"Emerging Europe",1.98800696079369,4.130613374997,3.93279748965905,2.15041660532066
"Bulgaria",2005,-9.428,28.472,7.719,10.177,14712.69,7.056,6.038,-0.111,"Emerging Europe",2.49800784377745,3.01568255516544,4.04237657888474,2.65200947187768
"Croatia",2005,-7.301,40.887,4.31,17.583,23778.88,4.308,2.995,0.851,"Emerging Europe",1.81686413342677,3.56088736547155,4.40410885531954,2.16682727473892
"Hungary",2005,-7.188,60.518,10.098,6.8,24687.74,4.294,3.562,-3.188,"Emerging Europe",1.98261515061974,2.61543304000393,4.79615627574072,2.16365678285862
"Kosovo",2005,-8.021,68.782,1.651,13.4,6512.89,4.51,-1.385,-0.32,"Emerging Europe",-1.12923243687449,3.28979128103383,4.92414210253175,2.21151471944066
"Moldova",2005,-7.556,40.421,2.897,7.3,7126.02,7.5,11.851,-0.574999999999999,"Emerging Europe",3.16733473968819,2.68568016777615,4.3926496094942,2.71246530518434
"Montenegro",2005,-16.626,38.568,0.614,3.4,14073.85,4.2,3.446,0.347,"Emerging Europe",1.95077875221672,1.9378792776645,4.34573812359492,2.14211190823691
"North Macedonia",2005,-2.436,36.669,2.01,37.25,11317.661,4.724,0.524,0.973,"Emerging Europe",0.502574403742443,4.31097924877636,4.29526476694053,2.25682201934819
"Poland",2005,-3.312,46.604,38.174,18.052,18900.29,3.507,2.21,-1.328,"Emerging Europe",1.53379074781417,3.58716994723212,4.53494863989857,1.96764174373225
"Romania",2005,-8.751,17.767,21.382,7.125,16909.93,4.668,8.995,-2.86,"Emerging Europe",2.89289167669372,2.66164551450791,3.57128102103241,2.24515837130828
"Russian Federation",2005,10.32,14.851,143.519,7.15,20176.53,6.397,12.685,1.796,"Emerging Europe",3.23511743624295,2.66511426553083,3.39234597965257,2.55503031654272
"Serbia",2005,-8.009,51.312,7.441,21.83,12285.7,5.53,16.253,5.651,"Emerging Europe",3.48236974309247,3.77695654392153,4.63116676155409,2.41141156957646
"Turkiye",2005,-4.145,50.196,68.861,9.213,18141.34,8.992,8.179,-0.42,"Emerging Europe",2.79843343919215,2.91669513900351,4.60918172863012,2.89256014559442
"Ukraine",2005,2.943,17.741,46.749,7.185,10981.66,3.1,13.52,4.484,"Emerging Europe",3.29868214052736,2.66995058418238,3.56981887957616,1.84960367947318
"Albania",2006,-6.656,56.688,2.993,13.8,8781.45,5.903,2.37,0.00700000000000012,"Emerging Europe",1.59783760243631,3.31912594469396,4.73078751569066,2.4757064202369
"Bosnia and Herzegovina",2006,-8.01,21.245,3.768,31.1,9674.71,5.691,6.125,2.543,"Emerging Europe",2.5121241853809,4.130613374997,3.74982218833801,2.43966431963004
"Bulgaria",2006,-15.28,22.608,7.679,9.022,15794.28,6.803,7.416,1.378,"Emerging Europe",2.70130202104447,2.89587055097461,3.81193976836955,2.61586942775762
"Croatia",2006,-7.928,38.366,4.311,16.525,24980.49,5.078,3.288,0.293,"Emerging Europe",1.90578811769868,3.49893580895586,4.3404886307513,2.32762178421065
"Hungary",2006,-7.453,64.427,10.077,7.075,25715.41,3.946,3.904,0.342,"Emerging Europe",2.07116226356778,2.65467206098091,4.85874020382265,2.0815317306182
"Kosovo",2006,-7.063,16.251,1.674,7.1,6652.43,3.594,0.637,2.022,"Emerging Europe",0.600292198086326,2.65816480695414,3.48224691361493,1.9912286581653
"Moldova",2006,-11.337,34.984,2.89,7.4,7486.48,4.8,12.707,0.856,"Emerging Europe",3.23684491562107,2.69916160639756,4.24824220046022,2.2724413273866
"Montenegro",2006,-31.654,36.692,0.615,12.3,15265.21,8.6,2.116,-1.33,"Emerging Europe",1.49434049049582,3.20439481754902,4.29589157023506,2.848272578259
"North Macedonia",2006,-0.428,30.586,1.999,36.025,11964.27,5.137,3.215,2.691,"Emerging Europe",1.88432818179817,4.2775529004028,4.11395669722866,2.33895829769013
"Poland",2006,-4.666,47.271,38.157,14.169,20067.91,6.131,1.197,-1.013,"Emerging Europe",1.01405116326953,3.34544660503418,4.54915604091454,2.51309051582762
"Romania",2006,-10.503,12.691,21.257,7.175,18375.3,8.029,6.591,-2.404,"Emerging Europe",2.58455810503751,2.6685711410872,3.23558886209761,2.78006288386766
"Russian Federation",2006,8.702,9.804,143.05,7.05,21895.54,8.165,9.669,-3.016,"Emerging Europe",2.96473550452441,2.65116719386414,2.97852851538754,2.79673295624472
"Serbia",2006,-9.079,37.972,7.412,21.56,12964.1,5.108,10.732,-5.521,"Emerging Europe",3.06854067421143,3.76452432010162,4.33016956711842,2.33340187274614
"Turkiye",2006,-5.615,44.225,69.73,8.725,19159.89,6.948,9.597,1.418,"Emerging Europe",2.95730111450911,2.86260763355794,4.48256521772757,2.63673995301896
"Ukraine",2006,-1.5,14.801,46.466,6.81,11888.37,7.6,9.076,-4.444,"Emerging Europe",2.90180197003514,2.61688693373935,3.38898116790953,2.72559584926382
"Albania",2007,-10.58,53.55,2.97,13.4,9377.46,5.983,2.96,0.59,"Emerging Europe",1.80572087591206,3.28979128103383,4.673850146897,2.48898121059699
"Bosnia and Herzegovina",2007,-9.464,18.709,3.762,29,10269.53,5.979,1.501,-4.624,"Emerging Europe",1.19531778950623,4.06074014324457,3.62286533935341,2.488321582344
"Bulgaria",2007,-23.892,17.588,7.64,6.935,16931.39,6.654,7.572,0.156,"Emerging Europe",2.72193649284401,2.63488629469504,3.56117123203816,2.59396456218729
"Croatia",2007,-7.938,37.064,4.31,14.733,26254.24,5.075,2.659,-0.629,"Emerging Europe",1.70471609175918,3.38438682001131,4.30597526395009,2.3270419682479
"Hungary",2007,-7.372,65.55,10.066,7,25814.92,0.277,7.952,4.048,"Emerging Europe",2.77050095822369,2.64412076105863,4.87601856849234,0.273574677329736
"Kosovo",2007,-6.023,14.26,1.699,2.5,7104.83,8.348,4.338,3.701,"Emerging Europe",2.17358839022379,1.6472311463711,3.35183275643852,2.81873737986164
"Moldova",2007,-15.248,28.275,2.883,5.1,7729.21,3,12.382,-0.325000000000001,"Emerging Europe",3.21101765275565,2.33186371852127,4.03543776095571,1.81844645923207
"Montenegro",2007,-40.07,31.758,0.616,15.9,16280.75,6.8,3.365,1.249,"Emerging Europe",1.927956387416,3.46045371109443,4.15153962611773,2.61543304000393
"North Macedonia",2007,-6.925,23.532,1.988,34.925,12810.097,6.473,2.251,-0.964,"Emerging Europe",1.55056401998602,4.24655498180692,3.85195953531266,2.56670078204222
"Poland",2007,-6.695,44.499,38.125,9.944,21502.8,7.062,2.472,1.275,"Emerging Europe",1.63678170658419,2.99263523727687,4.48874012602697,2.6528510480633
"Romania",2007,-13.56,12.431,21.131,6.342,19822.51,7.234,4.834,-1.757,"Emerging Europe",2.27935233785563,2.54649985663909,3.21495443279581,2.67668274439878
"Russian Federation",2007,5.181,8.033,142.805,6.025,23808.46,8.55,9.007,-0.662000000000001,"Emerging Europe",2.8942167097664,2.49588151843595,2.78055713699412,2.84248090820827
"Serbia",2007,-16.035,31.204,7.382,18.8,13854.99,6.44,6.002,-4.73,"Emerging Europe",2.4921085973123,3.62771063472713,4.13395012878881,2.56164986651514
"Turkiye",2007,-5.43,37.759,70.586,8.897,19882.14,5.044,8.756,-0.840999999999999,"Emerging Europe",2.86613135786201,2.88200475970122,4.32454633961656,2.32103114404766
"Ukraine",2007,-3.68,12.267,46.192,6.351,12939.35,8.2,12.843,3.767,"Emerging Europe",3.2474583403675,2.54790067855296,3.20171714385803,2.80097879391921
"Albania",2008,-15.768,55.14,2.947,13.1,10158.43,7.5,3.31,0.35,"Emerging Europe",1.91217007056756,3.26721302923313,4.70310480150872,2.71246530518434
"Bosnia and Herzegovina",2008,-14.126,30.885,3.754,23.4,10867.08,5.594,7.427,5.926,"Emerging Europe",2.70277092682075,3.84633946152429,4.12367979332192,2.4227367518031
"Bulgaria",2008,-22.076,14.702,7.607,5.664,18048.79,6.13,11.951,4.379,"Emerging Europe",3.17570793618017,2.43498079106241,3.38228532864138,2.51292952474008
"Croatia",2008,-10.965,38.891,4.31,13.033,26782.25,2.011,5.803,3.144,"Emerging Europe",2.45886481824337,3.2621003525659,4.35407528915922,1.44854402987285
"Hungary",2008,-7.256,71.757,10.045,7.425,26128.59,1.004,6.056,-1.896,"Emerging Europe",2.50094464207402,2.70250401204612,4.96648114036576,0.884199187605596
"Kosovo",2008,-13.03,10.77,1.72,9.85,7145.31,1.815,9.343,5.005,"Emerging Europe",2.93062631706289,2.983185455039,3.07206004124243,1.35770227322885
"Moldova",2008,-16.112,22.195,2.879,4,8344.22,7.8,12.704,0.322000000000001,"Emerging Europe",3.23660952535751,2.0947125472611,3.79352132555325,2.75135495425924
"Montenegro",2008,-49.471,34.185,0.617,6.4,17422.01,7.2,9,5.635,"Emerging Europe",2.89344398588587,2.55549355317483,4.22514799190579,2.67201622142785
"North Macedonia",2008,-12.792,20.642,1.977,33.775,13590.18,5.472,8.332,6.081,"Emerging Europe",2.81683255800156,4.21308714634383,3.72106122752525,2.40103795134501
"Poland",2008,-6.772,46.735,38.116,7.466,22411.69,4.2,4.342,1.87,"Emerging Europe",2.17448651638585,2.70796170164568,4.53775497001499,2.14211190823691
"Romania",2008,-11.455,13.004,20.635,5.6,22187.29,9.307,7.846,3.012,"Emerging Europe",2.75718760784403,2.42379204358752,3.25987929534779,2.92678773158946
"Russian Federation",2008,5.842,7.446,142.742,6.233,25068.77,5.247,14.111,5.104,"Emerging Europe",3.34135497998962,2.52937865739521,2.70530310183784,2.35976308509719
"Serbia",2008,-19.866,30.556,7.35,14.4,14701.02,5.656,12.411,6.409,"Emerging Europe",3.21334944922428,3.36157884535565,4.11297589956481,2.4335889201645
"Turkiye",2008,-5.115,37.748,71.517,9.849,19783.25,0.815,10.444,1.688,"Emerging Europe",3.04145894772965,2.98308444630356,4.32425507805558,0.74433848288022
"Ukraine",2008,-7.039,20.413,45.963,6.363,13289.87,2.2,25.201,12.358,"Emerging Europe",3.92042426934516,2.54976543086332,3.7099185597147,1.5296604950904
"Albania",2009,-15.383,59.666,2.928,13.8,10570.17,3.354,2.231,-1.079,"Emerging Europe",1.54241400317706,3.31912594469396,4.78197974118646,1.92481816661753
"Bosnia and Herzegovina",2009,-6.428,35.067,3.736,24.1,10830.35,-0.816,-0.381,-7.808,"Emerging Europe",-0.372337019761371,3.87578917677307,4.2506109384132,-0.745113457775224
"Bulgaria",2009,-8.315,14.54,7.564,6.878,17543.48,-3.347,2.469,-9.482,"Emerging Europe",1.63565609367587,2.62671832976336,3.37123108795811,-1.92281619170312
"Croatia",2009,-6.516,48.094,4.305,14.517,24878.09,-7.218,2.225,-3.578,"Emerging Europe",1.53995712751009,3.36965172910105,4.56641267545152,-2.67448942030961
"Hungary",2009,-0.797,78.032,10.031,9.675,24438.73,-6.598,4.198,-1.858,"Emerging Europe",2.14164856277347,2.9653525626081,5.05030723469124,-2.58560759772879
"Moldova",2009,-8.923,32.612,2.876,6.4,7851.96,-6,0.006,-12.698,"Emerging Europe",0.00599996400058319,2.55549355317483,4.17806247999079,-2.49177985264491
"Montenegro",2009,-27.732,43.689,0.618,17.863,16376.37,-5.8,3.551,-5.449,"Emerging Europe",1.97963768023814,3.57666128180013,4.47037448623307,-2.45835522547041
"North Macedonia",2009,-6.776,23.729,1.965,32.175,13619.229,-0.359,-0.739,-9.071,"Emerging Europe",-0.684323940017696,4.1645783386944,3.86028881208438,-0.35170429300301
"Poland",2009,-3.955,49.821,38.136,8.514,23034.22,2.832,3.785,-0.556999999999999,"Emerging Europe",2.04120374222805,2.838290179142,4.60168446710269,1.76393746429425
"Romania",2009,-4.644,22.452,20.44,8.425,21163.28,-5.517,5.584,-2.262,"Emerging Europe",2.4209754923805,2.82785428134393,3.80502245002787,-2.40909563723822
"Russian Federation",2009,3.852,9.918,142.785,8.242,23101.2,-7.821,11.647,-2.464,"Emerging Europe",3.15003368559452,2.80605029045077,2.99003034394761,-2.75402187437068
"Serbia",2009,-5.89,33.925,7.321,16.9,14356.88,-2.732,8.117,-4.294,"Emerging Europe",2.79088084258588,3.52133497493466,4.21751653578148,-1.73010836647397
"Turkiye",2009,-1.751,43.212,72.561,12.95,18558.16,-4.823,6.251,-4.193,"Emerging Europe",2.53222604188554,3.25573038135013,4.45939927293487,-2.27712153615851
"Ukraine",2009,-1.479,35.425,45.783,8.843,11327.66,-15.1,15.9,-9.301,"Emerging Europe",3.46045371109443,2.87595512926334,4.26076412083317,-3.40893656861911
"Albania",2010,-11.321,57.72,2.913,14,11016.55,3.707,3.615,1.384,"Emerging Europe",1.99684267735687,3.33347758688399,4.74882594507706,2.02108541111781
"Bosnia and Herzegovina",2010,-6.005,40.805,3.704,27.2,11007.73,0.767,2.124,2.505,"Emerging Europe",1.49775344230999,3.99670189361439,4.40210191549615,0.706691729140475
"Bulgaria",2010,-1.724,14.064,7.505,10.306,17956.04,1.555,3.039,0.57,"Emerging Europe",1.83070772214321,3.02821891022535,3.338027059819,1.22488955926096
"Croatia",2010,-2.162,56.958,4.295,17.167,24625.78,-1.244,1.083,-1.142,"Emerging Europe",0.938862951914451,3.53698334282523,4.73553838605527,-1.04383934995796
"Hungary",2010,0.194,80.007,10.014,10.775,24743.68,1.076,4.872,0.673999999999999,"Emerging Europe",2.28702145930947,3.07252219907814,5.07530036478307,0.934105907317194
"Kosovo",2010,-12.803,6.452,1.775,6.937,7630.95,4.941,3.501,5.92,"Emerging Europe",1.96599515649975,2.63517169435441,2.56348948136809,2.30080135636566
"Moldova",2010,-6.901,25.475,2.873,7.4,8417.17,7.1,7.358,7.352,"Emerging Europe",2.69352132150052,2.69916160639756,3.93122975974498,2.65816480695414
"Montenegro",2010,-20.31,45.007,0.619,27.262,16787.74,2.7,0.381,-3.17,"Emerging Europe",0.372337019761371,3.99897717778706,4.50008860933673,1.71905185120893
"North Macedonia",2010,-2.029,24.273,1.951,32.05,14178.686,3.359,1.508,2.247,"Emerging Europe",1.19919264202783,4.16068765459427,3.88293585184126,1.92624580085877
"Poland",2010,-5.177,54.01,38.023,9.635,23780.67,2.935,2.59,-1.195,"Emerging Europe",1.68014732691418,2.96123167003365,4.68240208628712,1.7976887523569
"Romania",2010,-5.213,30.171,20.295,9.025,20483.57,-3.901,6.113,0.529000000000001,"Emerging Europe",2.51018875533107,2.896200993243,4.10030290360216,-2.07041758540402
"Russian Federation",2010,4.13,10.105,142.849,7.358,24132.79,4.512,6.849,-4.798,"Emerging Europe",2.62253721951139,2.69352132150052,3.0086169040987,2.21194757201286
"Serbia",2010,-6.008,39.766,7.291,20,14520.09,0.731,6.143,-1.974,"Emerging Europe",2.51502041623715,3.68950386898891,4.37631751321114,0.677877826606509
"Turkiye",2010,-5.745,39.511,73.723,11.035,19804.92,8.427,8.566,2.315,"Emerging Europe",2.84433787006701,3.0962659567395,4.36988639778385,2.82808998773684
"Ukraine",2010,-2.219,40.626,45.598,8.097,11839.78,4.1,9.365,-6.535,"Emerging Europe",2.93296492718843,2.78843239413959,4.39770687372029,2.11868503933338
"Albania",2011,-12.917,59.413,2.905,14,11327.4,2.545,3.443,-0.172,"Emerging Europe",1.94994233403098,3.33347758688399,4.77773105412374,1.6638152825405
"Bosnia and Herzegovina",2011,-9.487,39.55,3.66,27.6,11241.24,0.908,3.989,1.865,"Emerging Europe",2.09204119703804,4.01129097919596,4.37087266232451,0.814801473904725
"Bulgaria",2011,0.329,14.335,7.327,11.35,18775.78,2.09,3.386,0.347,"Emerging Europe",1.93392144549217,3.12429995429201,3.3570656567791,1.4831751372834
"Croatia",2011,-1.698,63.298,4.281,17.367,24685.99,-0.082,2.21,1.127,"Emerging Europe",1.53379074781417,3.54854688325601,4.84106330426685,-0.0819083822804017
"Hungary",2011,0.466,80.338,9.986,10.675,25276.28,1.867,3.929,-0.943,"Emerging Europe",2.07734710968216,3.06323839170832,5.07942864723324,1.38252339054137
"Kosovo",2011,-13.42,5.569,1.78,20.563,8090.25,6.32,7.324,3.823,"Emerging Europe",2.68893217490109,3.71723124565581,2.41832786479886,2.54306744296896
"Moldova",2011,-10.121,24.201,2.873,6.7,8909.12,5.818,7.65,0.292000000000001,"Emerging Europe",2.73209757342645,2.60077792005721,3.87996771027502,2.46140895039383
"Montenegro",2011,-14.777,48.572,0.62,23.762,17306.76,3.2,3.451,3.07,"Emerging Europe",1.95217129117335,3.86167731857968,4.57630036327697,1.87986358439691
"North Macedonia",2011,-2.509,27.728,1.94,31.375,14591.381,2.34,3.905,2.397,"Emerging Europe",2.07141037029318,4.13941244554251,4.01591491939475,1.58611197042189
"Poland",2011,-5.124,55.134,38.063,9.632,24953.57,5.042,4.226,1.636,"Emerging Europe",2.14811646867146,2.96092192109057,4.70299599955294,2.3206421291543
"Romania",2011,-4.833,32.599,20.199,9.092,21510.19,4.517,5.795,-0.318000000000001,"Emerging Europe",2.45750533508451,2.90355273280662,4.17766396163056,2.21302890382452
"Russian Federation",2011,4.753,10.34,142.961,6.508,25048.45,3.876,8.44,1.591,"Emerging Europe",2.82962073597087,2.57203040486764,3.03149718358408,2.06419095712225
"Serbia",2011,-8.107,43.709,7.237,23.6,14928.2,2.036,11.137,4.994,"Emerging Europe",3.10542960855799,3.85484245594117,4.47083204282962,1.45962021308867
"Turkiye",2011,-8.873,35.912,74.724,8.983,21728.07,11.2,6.472,-2.094,"Emerging Europe",2.56654809383627,2.89156489635739,4.27441247347491,3.11104801182267
"Ukraine",2011,-6.283,36.876,45.453,7.856,12526.09,5.46,7.958,-1.407,"Emerging Europe",2.77124931120903,2.75845112289139,4.300891908061,2.39887840384652
"Albania",2012,-10.202,62.144,2.9,13.4,11506.96,1.418,2.036,-1.407,"Emerging Europe",1.45962021308867,3.28979128103383,4.82266618230868,1.14839998627068
"Bosnia and Herzegovina",2012,-8.636,42.207,3.605,28,11332.06,-0.707,2.053,-1.936,"Emerging Europe",1.46708962317717,4.02567041586982,4.43587357171971,-0.658391759794326
"Bulgaria",2012,-0.847,16.545,7.285,12.379,19027.19,0.749,2.391,-0.995,"Emerging Europe",1.60597083292525,3.21077612281562,3.50014315862796,0.692346988553156
"Croatia",2012,-1.808,69.086,4.268,18.6,24181.85,-2.34,3.353,1.143,"Emerging Europe",1.924532405231,3.61703060614339,4.92855166109787,-1.58611197042189
"Hungary",2012,1.547,78.155,9.932,10.675,25095.98,-1.25,5.661,1.732,"Emerging Europe",2.43445906301591,3.06323839170832,5.05188214095572,-1.04759301264926
"Kosovo",2012,-6.11,8.559,1.816,30.9,8067.5,1.712,2.492,-4.832,"Emerging Europe",1.64425591591058,4.12416509388627,2.84352587065767,1.30688876084179
"Moldova",2012,-7.391,31.333,2.873,5.6,8856.68,-0.59,4.558,-3.092,"Emerging Europe",2.22185301881103,2.42379204358752,4.13807358412248,-0.560231076410928
"Montenegro",2012,-15.28,56.87,0.62,11.55,16831.99,-2.724,4.141,0.69,"Emerging Europe",2.12835467222823,3.14170139923639,4.73399243185994,-1.72735497508245
"North Macedonia",2012,-3.164,33.662,1.934,31,14577.147,-0.456,3.317,-0.588,"Emerging Europe",1.91419254374538,4.12739442927165,4.20973734005579,-0.44151504180046
"Poland",2012,-4.108,54.784,38.064,10.088,25338.46,1.545,3.727,-0.499,"Emerging Europe",2.02628135060726,3.00694135024752,4.69662864828162,1.21946828313857
"Romania",2012,-4.718,36.164,20.096,8.692,22036.7,1.925,3.339,-2.456,"Emerging Europe",1.92052350826404,2.85884296718215,4.28140243027496,1.40958239273674
"Russian Federation",2012,3.253,11.167,143.202,5.45,26012.58,4.024,5.075,-3.365,"Emerging Europe",2.3270419682479,2.39707527006837,3.10810896019865,2.10051702661086
"Serbia",2012,-10.795,53.869,7.201,24.6,14898.56,-0.682,7.33,-3.807,"Emerging Europe",2.68974354210137,3.89630648162563,4.67978849411011,-0.637858053738302
"Turkiye",2012,-5.372,32.227,75.627,8.316,22496.66,4.788,8.892,2.42,"Emerging Europe",2.88144613404821,2.81492412682153,4.16619241759735,2.26999093969302
"Ukraine",2012,-8.144,37.542,45.373,7.529,12576.49,0.224,0.565,-7.393,"Emerging Europe",0.53858195067742,2.71629079074461,4.31878481985078,0.222167837223141
"Albania",2013,-9.253,70.391,2.895,15.9,11643.57,1.002,1.925,-0.111,"Emerging Europe",1.40958239273674,3.46045371109443,4.94726304600189,0.882787093711013
"Bosnia and Herzegovina",2013,-5.333,42.499,3.531,27.5,11841.55,2.351,-0.093,-2.146,"Emerging Europe",-0.0928664595958234,4.00766359994195,4.44276611289063,1.59042607584337
"Bulgaria",2013,1.274,17.165,7.246,13.038,19025.45,-0.543,0.385,-2.006,"Emerging Europe",0.376072418884752,3.26248279683294,3.53686703063797,-0.519337883555165
"Croatia",2013,-1.065,79.961,4.256,19.808,24153.21,-0.399,2.326,-1.027,"Emerging Europe",1.58059642385393,3.67986964397363,5.07472529468779,-0.389106683075923
"Hungary",2013,3.464,77.198,9.909,9.825,25607.64,1.803,1.713,-3.948,"Emerging Europe",1.30739302373622,2.98065718649662,5.03956267748829,1.351896741973
"Kosovo",2013,-3.53,9.425,1.821,30,8474.87,5.34,1.762,-0.73,"Emerging Europe",1.33183609048796,4.09462222433053,2.93931545156398,2.37702686641968
"Moldova",2013,-5.163,29.974,2.871,5.1,9662.73,9.044,4.569,0.0110000000000001,"Emerging Europe",2.2242075825436,2.33186371852127,4.09375566359758,2.89829127776343
"Montenegro",2013,-11.391,58.654,0.62,32.8,17425.87,3.549,2.207,-1.934,"Emerging Europe",1.5325533025374,4.18380799155512,4.76487561486387,1.97909540392105
"North Macedonia",2013,-1.646,33.969,1.925,29,15067.772,2.925,2.785,-0.532,"Emerging Europe",1.74817183466787,4.06074014324457,4.21881211206056,1.79445872258462
"Poland",2013,-1.957,57.116,38.063,10.328,25556.35,0.857,1.117,-2.61,"Emerging Europe",0.961734147164112,3.03034136699582,4.73830809383974,0.776561803340486
"Romania",2013,-0.947,39.264,20.02,8.992,22179.98,0.27,4.002,0.663,"Emerging Europe",2.09519750441144,2.89256014559442,4.36361737234256,0.266822666909941
"Russian Federation",2013,1.461,12.348,143.507,5.5,26412.95,1.755,6.754,1.679,"Emerging Europe",2.60871806125507,2.40605912529802,3.20827690267335,1.32837579328214
"Serbia",2013,-5.741,56.406,7.167,23,15404.26,2.893,7.694,0.364,"Emerging Europe",2.7377846224306,3.82911365162088,4.72580128303173,1.78405580031393
"Turkiye",2013,-5.754,30.892,76.668,8.878,24074.3,8.486,7.493,-1.399,"Emerging Europe",2.71153973469291,2.87988033043592,4.12390629621233,2.83501862135189
"Ukraine",2013,-9.011,40.519,45.246,7.172,12611.95,0.002,-0.261,-0.826,"Emerging Europe",-0.258124053047239,2.66815694038225,4.39507041857977,0.00199999866666907
"Albania",2014,-10.797,71.992,2.889,17.5,11874.74,1.774,1.613,-0.312,"Emerging Europe",1.25585324902147,3.55616339024595,4.96975041482906,1.3377439029562
"Bosnia and Herzegovina",2014,-7.365,45.859,3.526,27.5,11994.48,1.148,-0.897,-0.804,"Emerging Europe",-0.806635389410631,4.00766359994195,4.51883750615273,0.982253146290968
"Bulgaria",2014,1.235,26.266,7.202,11.524,19322.03,0.949,-1.601,-1.986,"Emerging Europe",-1.2495132077727,3.13945619784148,3.96178468082403,0.844847516567589
"Croatia",2014,0.298,83.602,4.238,19.275,24153.15,-0.423,0.22,-2.106,"Emerging Europe",0.218262907439882,3.65262832292466,5.1192503908802,-0.411304670959598
"Hungary",2014,1.206,76.542,9.877,7.525,26777.89,4.232,-0.229,-1.942,"Emerging Europe",-0.227044310404039,2.7157639992344,5.03102945935748,2.149497168424
"Kosovo",2014,-7.223,11.19,1.805,35.3,8834.85,3.349,0.425,-1.337,"Emerging Europe",0.413145994832217,4.25723071171199,3.11015829833349,1.92338857652576
"Moldova",2014,-5.976,34.961,2.869,3.9,10152.89,5,5.058,0.489,"Emerging Europe",2.32375009967521,2.07016923992771,4.24758480953695,2.31243834127275
"Montenegro",2014,-12.41,63.36,0.62,2.492,17733.15,1.784,-0.714,-2.921,"Emerging Europe",-0.664098093603229,1.64425591591058,4.84204219666692,1.34264396233629
"North Macedonia",2014,-0.356,38.015,1.919,28.025,15662.623,3.629,-0.282,-3.067,"Emerging Europe",-0.278390118419877,4.0265623065333,4.33130094796048,2.00056855252052
"Poland",2014,-2.953,51.39,38.018,8.988,26568.13,3.837,0.105,-1.012,"Emerging Europe",0.104808013476227,2.8921179341323,4.63268543167214,2.05440183340095
"Romania",2014,-0.265,40.476,19.947,8.592,23178.18,4.121,1.076,-2.926,"Emerging Europe",0.934105907317194,2.84734814709841,4.39400894810263,2.12364912851491
"Russian Federation",2014,2.807,15.136,146.091,5.158,26136.8,0.736,7.823,1.069,"Emerging Europe",2.75427549920368,2.34296308182337,3.41131264470443,0.68190953125817
"Serbia",2014,-5.593,66.242,7.132,20.552,15233.31,-1.59,2.082,-5.612,"Emerging Europe",1.4797168843527,3.7166967930729,4.88651885208047,-1.24367139965075
"Turkiye",2014,-4.051,28.277,77.696,9.897,24929.24,4.94,8.855,1.362,"Emerging Europe",2.87730263794116,2.98792145186742,4.03550844812651,2.30060297076634
"Ukraine",2014,-3.833,70.317,42.76,9.275,12467.83,-6.575,12.1,12.361,"Emerging Europe",3.1880558098157,2.92336331285054,4.94621132850568,-2.58215516754323
"Albania",2015,-8.609,73.716,2.881,17.1,12173.62,2.219,1.868,0.255,"Emerging Europe",1.38299544820511,3.53307951362262,4.99341305556822,1.53749473374518
"Bosnia and Herzegovina",2015,-5.035,44.991,3.518,27.7,12540.35,4.314,-1.023,-0.126,"Emerging Europe",-0.897543889589239,4.01490525667746,4.49973313364087,2.16818306533506
"Bulgaria",2015,-10.327,25.359,7.154,9.233,20113.71,3.398,-1.067,0.534,"Emerging Europe",-0.927965256033476,2.91885099665338,3.9266694054723,1.93731479219854
"Croatia",2015,3.27,83.012,4.204,17.067,24962.78,2.523,-0.256,-0.476,"Emerging Europe",-0.253283180733715,3.53115112550767,5.11216863349136,1.65573942250278
"Hungary",2015,2.347,75.76,9.856,6.625,27829.8,3.707,-0.066,0.163,"Emerging Europe",-0.0659521776821289,2.58964547035563,5.02076118380449,2.02108541111781
"Kosovo",2015,-8.763,13.424,1.772,32.9,9533.64,5.916,-0.528,-0.953,"Emerging Europe",-0.506114536631876,4.18685072443926,3.29157577049591,2.47787543301803
"Moldova",2015,-5.991,42.381,2.845,5.025,10205.89,-0.338,9.628,4.57,"Emerging Europe",2.96050877399497,2.31732949571778,4.43998648676574,-0.33187422984386
"Montenegro",2015,-10.991,68.76,0.621,18.924,18330.7,3.39,1.549,2.263,"Emerging Europe",1.22163975787703,3.63427550281819,4.92382223405951,1.93505378868804
"North Macedonia",2015,-1.752,38.077,1.915,26.05,16304.719,3.856,-0.3,-0.018,"Emerging Europe",-0.295673047563422,3.95353314952696,4.33292999197351,2.05918248180978
"Poland",2015,-1.294,51.345,38.006,7.499,27741.62,4.383,-0.924,-1.029,"Emerging Europe",-0.826599882558667,2.71233313280649,4.63180955727465,2.1836472646087
"Romania",2015,-0.804,39.354,19.871,8.392,24002.98,3.16,-0.596,-1.672,"Emerging Europe",-0.565391901983378,2.82395713960264,4.36590618485053,1.86786415579396
"Russian Federation",2015,4.996,15.286,146.406,5.575,25566.05,-1.973,15.534,7.711,"Emerging Europe",3.4372127767751,2.4193877439572,3.4211527667954,-1.43149509118889
"Serbia",2015,-3.453,69.854,7.095,18.924,15588,1.806,1.392,-0.69,"Emerging Europe",1.13332332708033,3.63427550281819,4.93960576015932,1.35335089213982
"Turkiye",2015,-3.081,27.163,78.741,10.316,26095.08,6.084,7.671,-1.184,"Emerging Europe",2.73481584776978,3.0291842191823,3.99534159371838,2.50549614755829
"Ukraine",2015,1.721,79.331,42.591,9.143,11292.09,-9.788,48.684,36.584,"Emerging Europe",4.578603077251,2.90911304161139,5.06681587510701,-2.97690363964874
"Albania",2016,-7.572,73.324,2.876,15.2,12597.3,3.315,1.287,-0.581,"Emerging Europe",1.0704998471684,3.41552292004247,4.98808165361288,1.91361509374718
"Bosnia and Herzegovina",2016,-4.699,43.548,3.511,25.4,12972.75,3.242,-1.584,-0.561,"Emerging Europe",-1.24047273709236,3.92828363031792,4.46714275927966,1.89231679966593
"Bulgaria",2016,3.062,27.007,7.102,7.666,20873.99,3.027,-1.323,-0.256,"Emerging Europe",-1.09239687609536,2.73416930384973,3.98958585391025,1.82695020482338
"Croatia",2016,2.181,79.472,4.174,14.958,26037.9,3.563,-0.63,-0.374,"Emerging Europe",-0.594378911302243,3.39950894579185,5.06859151984988,1.98288540701133
"Hungary",2016,4.482,74.85,9.83,4.975,28517.56,2.201,0.397,0.463,"Emerging Europe",0.387248451076254,2.30752361492079,5.00867791119607,1.53007422010992
"Kosovo",2016,-7.974,14.472,1.784,27.525,9997.56,5.572,0.24,0.768,"Emerging Europe",0.2377537491524,4.00857167823903,3.36655446325824,2.41885794258784
"Moldova",2016,-3.573,39.232,2.824,4.225,10732.39,4.409,6.358,-3.27,"Emerging Europe",2.54898886814694,2.14788617157737,4.36280230864636,2.18941441333719
"Montenegro",2016,-16.235,66.39,0.621,13.7,18867.56,2.949,-0.258,-1.807,"Emerging Europe",-0.25522023307874,3.31187234356339,4.88875033826338,1.8021942662241
"North Macedonia",2016,-2.615,39.81,1.909,23.75,16819.458,2.848,-0.239,0.061,"Emerging Europe",-0.236781251647303,3.86117262996983,4.37742302527857,1.76925147664098
"Poland",2016,-1.024,54.501,37.967,6.161,28589.87,2.954,-0.677,0.247,"Emerging Europe",-0.63372246012117,2.51790839151483,4.69145038497173,1.80379873115674
"Romania",2016,-1.608,39.548,19.761,7.2,24826.39,2.858,-1.555,-0.959,"Emerging Europe",-1.22488955926096,2.67201622142785,4.37082210830364,1.77255925592268
"Russian Federation",2016,1.911,14.849,146.675,5.525,25568.6,0.194,7.042,-8.492,"Emerging Europe",2.65004306277553,2.41052145084686,3.39221160384902,0.192803262086165
"Serbia",2016,-2.922,67.426,7.058,16.382,16193,3.339,1.122,-0.27,"Emerging Europe",0.965065054365755,3.49026060265326,4.90423286642395,1.92052350826404
"Turkiye",2016,-3.068,27.747,79.815,10.915,26599.44,3.323,7.775,0.104,"Emerging Europe",2.74817082354628,3.08537701668031,4.01659946792945,1.91592298060982
"Ukraine",2016,-1.493,79.513,42.415,9.45,11612.98,2.417,13.913,-34.771,"Emerging Europe",3.32725985254965,2.94194971278401,5.06910725098349,1.61595671475672
"Albania",2017,-7.492,71.895,2.884,13.7,13039.7,3.802,1.985,0.698,"Emerging Europe",1.4369070759715,3.31187234356339,4.96840226460516,2.04553706623714
"Bosnia and Herzegovina",2017,-4.779,37.438,3.504,20.5,13420.36,3.244,0.81,2.394,"Emerging Europe",0.740457912409857,3.71416642057212,4.31601173132648,1.89290613081906
"Bulgaria",2017,3.307,22.919,7.05,6.23,21604.83,2.746,1.188,2.511,"Emerging Europe",1.00826819435674,2.52890331403832,3.82558903815833,1.73490973545141
"Croatia",2017,3.348,76.34,4.125,12.433,27242.44,3.398,1.302,1.932,"Emerging Europe",1.07966989143243,3.21511479002145,5.02838712298386,1.93731479219854
"Hungary",2017,2.001,72.114,9.798,4,29832.94,4.272,2.354,1.957,"Emerging Europe",1.59159968425116,2.0947125472611,4.9714434502496,2.15865471734756
"Kosovo",2017,-5.484,16.379,1.799,30.475,10392.7,4.825,1.495,1.255,"Emerging Europe",1.19198651228042,4.11032293336936,3.4900777983883,2.27752749909088
"Moldova",2017,-5.837,34.86,2.78,4.125,11361.9,4.2,6.506,0.148000000000001,"Emerging Europe",2.57172661009997,2.12459196043209,4.24469288133134,2.14211190823691
"Montenegro",2017,-16.085,66.207,0.621,23.4,19753.49,4.716,2.373,2.631,"Emerging Europe",1.59900323247088,3.84633946152429,4.88599040699986,2.25516390866749
"North Macedonia",2017,-0.78,39.383,1.903,22.375,17059.372,1.082,1.352,1.591,"Emerging Europe",1.10976232776762,3.80159043128923,4.36664257689654,0.93818439002274
"Poland",2017,-1.146,50.797,37.973,4.888,30054.83,5.14,1.969,2.646,"Emerging Europe",1.4296852733801,2.29023340685469,4.62108135084167,2.33953137451023
"Romania",2017,-3.122,37.107,19.644,6.092,27020.78,8.197,1.344,2.899,"Emerging Europe",1.10499594482947,2.50679283198072,4.30713432559854,2.80061556531889
"Russian Federation",2017,2.043,14.311,146.842,5.2,26006.05,1.827,3.683,-3.359,"Emerging Europe",2.01481568061695,2.35092571975091,3.35539409884737,1.3634784337392
"Serbia",2017,-5.23,57.5,7.021,14.493,16621.47,2.101,3.131,2.009,"Emerging Europe",1.85907791041119,3.36800104503742,4.74500773415512,1.48791268679713
"Turkiye",2017,-4.652,27.777,80.811,10.918,28242.49,7.502,11.144,3.369,"Emerging Europe",3.10605543045855,3.08565068421314,4.01767938147039,2.71272959800247
"Ukraine",2017,-2.181,71.58,42.217,9.65,11942.82,2.36,14.443,0.529999999999999,"Emerging Europe",3.36455336445604,2.96277898488097,4.96401167522591,1.59394310452118
"Albania",2018,-6.754,69.472,2.883,12.3,13570.55,4.019,2.029,0.0439999999999998,"Emerging Europe",1.45652995396903,3.20439481754902,4.93412276911585,2.09931045315369
"Bosnia and Herzegovina",2018,-3.231,33.769,3.496,18.4,13966.11,3.829,1.417,0.607,"Emerging Europe",1.14782352940976,3.60623545016493,4.21290956220817,2.05238229318075
"Bulgaria",2018,0.946,20.075,7,5.273,22345.53,2.695,2.631,1.443,"Emerging Europe",1.69481407077066,2.36461908297951,3.69324220269295,1.71731386402271
"Croatia",2018,1.629,73.067,4.088,9.858,28264.67,2.822,1.557,0.255,"Emerging Europe",1.22597085589214,2.98399315970838,4.98457083283109,1.76060263275025
"Hungary",2018,0.159,69.078,9.778,3.6,31496.98,5.362,2.839,0.485,"Emerging Europe",1.76626562278133,1.99283576493974,4.9284358688224,2.38106828616147
"Kosovo",2018,-7.626,17.137,1.796,29.5,10763.67,3.406,1.098,-0.397,"Emerging Europe",0.949000914343432,4.07782459396726,3.53523724033439,1.93957090214435
"Moldova",2018,-10.77,31.8,2.73,3.05,12042.55,4.1,3.59,-2.916,"Emerging Europe",1.99015586959229,1.83414037108315,4.15286059995224,2.11868503933338
"Montenegro",2018,-17.001,71.885,0.621,9.15,20752.4,5.078,2.604,0.231,"Emerging Europe",1.68517809889846,2.90987382824321,4.96826317665557,2.32762178421065
"North Macedonia",2018,0.208,40.425,1.894,20.725,17632.949,2.881,1.458,0.106,"Emerging Europe",1.17123771979854,3.72506941153736,4.39274853279502,1.78012817611642
"Poland",2018,-1.928,48.709,37.977,3.846,31838.53,5.945,1.767,-0.202,"Emerging Europe",1.33430137184576,2.05666910853783,4.57911635296802,2.48269734818795
"Romania",2018,-4.607,36.189,19.533,5.25,28811.89,6.029,4.631,3.287,"Emerging Europe",2.23737839799658,2.36032457624344,4.28209322278627,2.49653624758222
"Russian Federation",2018,6.998,13.62,146.831,4.8,26737.87,2.806,2.878,-0.805,"Emerging Europe",1.77914398850217,2.2724413273866,3.30603144199031,1.75524500418999
"Serbia",2018,-4.84,53.305,6.983,13.673,17463.78,4.495,1.96,-1.171,"Emerging Europe",1.42560247581797,3.30990484078219,4.66926528843611,2.20826248170293
"Turkiye",2018,-2.583,29.86,82.004,10.907,28670.23,3.013,16.332,5.188,"Emerging Europe",3.4872095016173,3.08464687176233,4.08994724344984,1.82254942345039
"Ukraine",2018,-3.272,60.403,41.984,9,12428.08,3.488,10.947,-3.496,"Emerging Europe",3.08829229899011,2.89344398588587,4.79425446698911,1.96241858261635
"Albania",2019,-7.571,67.368,2.881,11.47,13862.63,2.088,1.411,-0.618,"Emerging Europe",1.14435907729017,3.1347769786145,4.90337238865375,1.48231158461868
"Bosnia and Herzegovina",2019,-2.597,32.081,3.491,15.7,14389.73,2.886,0.559,-0.858,"Emerging Europe",0.533351381990445,3.44782059328739,4.16165395602266,1.78176645799694
"Bulgaria",2019,1.865,18.315,6.951,4.275,23409.6,4.035,2.457,-0.174,"Emerging Europe",1.63114186379746,2.1593382535751,3.60161203646943,2.10316652531144
"Croatia",2019,2.506,70.88,4.065,7.758,29390.49,3.398,0.791,-0.766,"Emerging Europe",0.725625000164279,2.74599985641726,4.95418524454294,1.93731479219854
"Hungary",2019,-0.815,65.333,9.773,3.3,33045.96,4.864,3.373,0.534,"Emerging Europe",1.93023281501437,1.90927401401634,4.87270301386729,2.28541168776487
"Kosovo",2019,-5.673,17.669,1.782,25.65,11361.45,4.757,2.716,1.618,"Emerging Europe",1.72459444848545,3.93807051974238,3.5657586972709,2.26363343394472
"Moldova",2019,-9.421,28.792,2.682,5.125,12702.32,3.6,4.846,1.256,"Emerging Europe",2.28178039456563,2.33666276137023,4.05354619070397,1.99283576493974
"Montenegro",2019,-14.285,78.793,0.621,11.294,21591.25,4.063,0.366,-2.238,"Emerging Europe",0.358285237721402,3.11937300220329,5.0600116069921,2.10988011481201
"North Macedonia",2019,-2.972,40.448,1.884,17.25,18422.6,3.91,0.766,-0.692,"Emerging Europe",0.705898058909967,3.54179842683779,4.39331715200488,2.07265001019851
"Poland",2019,-0.242,45.708,37.973,3.279,33258.73,4.45,2.244,0.477,"Emerging Europe",1.54771840926558,1.90316604464518,4.51554015818268,2.19844336462344
"Romania",2019,-4.863,36.629,19.414,4.892,30105.5,3.853,3.825,-0.806,"Emerging Europe",2.0513710412886,2.29103481701458,4.29417373793857,2.05842911162473
"Russian Federation",2019,3.872,13.748,146.765,4.6,27337.88,2.198,4.47,1.592,"Emerging Europe",2.20281903690509,2.23081417900093,3.31536062174304,1.52883257729198
"Serbia",2019,-6.871,51.711,6.945,11.193,18318.29,4.332,1.849,-0.111,"Emerging Europe",1.37399261186531,3.11042529517731,4.63891118422424,2.17223972548931
"Turkiye",2019,1.42,32.39,83.155,13.731,28504.81,0.819,15.177,-1.155,"Emerging Europe",3.41401188765017,3.31412657735843,4.17123512535662,0.747436105716717
"Ukraine",2019,-2.732,50.601,41.733,8.5,12902.8,3.199,7.886,-3.061,"Emerging Europe",2.76223219345673,2.83665572896893,4.61721614386682,1.87956526693703
"Albania",2020,-8.659,75.772,2.878,11.675,13419.38,-3.302,1.621,0.21,"Emerging Europe",1.26006104712095,3.15242607221957,5.0209195523993,-1.909853867884
"Bosnia and Herzegovina",2020,-2.84,36.036,3.487,15.9,13971.83,-3.015,-1.052,-1.611,"Emerging Europe",-0.917669353634636,3.46045371109443,4.27785807978932,-1.82317923318471
"Bulgaria",2020,0.04,23.199,6.917,5.207,22594.68,-3.966,1.219,-1.238,"Emerging Europe",1.02808003947239,2.35224679420473,3.8377205483818,-2.08643317978107
"Croatia",2020,-0.963,86.77,4.048,9,26978.45,-8.591,-0.03,-0.821,"Emerging Europe",-0.0299955018215243,2.89344398588587,5.15644132350743,-2.847232533496
"Hungary",2020,-1.12,79.253,9.77,4.125,31558.36,-4.536,3.305,-0.0680000000000001,"Emerging Europe",1.91072304575677,2.12459196043209,5.06583224745266,-2.21712758389297
"Kosovo",2020,-6.973,22.487,1.798,25.95,10658.54,-5.341,0.218,-2.498,"Emerging Europe",0.216309209692481,3.9496898325965,3.80657857707257,-2.37721091603255
"Moldova",2020,-7.69,36.633,2.634,3.825,11859.25,-8.3,3.771,-1.075,"Emerging Europe",2.03762143985439,2.0513710412886,4.29428289439989,-2.8130120727167
"Montenegro",2020,-26.052,107.348,0.621,32.137,18282.64,-15.307,-0.238,-0.604,"Emerging Europe",-0.235808534249628,4.16339717055678,5.36924476798012,-3.42252270576935
"North Macedonia",2020,-2.93,50.846,1.868,16.375,17702.704,-4.688,1.2,0.434,"Emerging Europe",1.01597313417969,3.48983400747078,4.62204532319209,-2.24933925047316
"Poland",2020,2.463,57.175,37.958,3.163,32599.47,-2.02,3.379,1.135,"Emerging Europe",1.93193688119027,1.868768892143,4.73934038813712,-1.45254413624738
"Romania",2020,-4.941,49.391,19.329,6.075,29126.82,-3.677,2.646,-1.179,"Emerging Europe",1.70013012825743,2.50403539165602,4.59301786741072,-2.01324230184018
"Russian Federation",2020,2.377,19.156,146.46,5.783,26667.85,-2.654,3.382,-1.088,"Emerging Europe",1.93278787126544,2.45546268936377,3.64644375525578,-1.70295458780352
"Serbia",2020,-4.12,56.888,6.899,9.728,18274.16,-0.903,1.576,-0.273,"Emerging Europe",1.23619435261923,2.97078685560405,4.73430884422502,-0.811095155554117
"Turkiye",2020,-4.432,39.446,83.614,13.147,28875.58,1.86,12.279,-2.898,"Emerging Europe",3.20269167042573,3.27078404247553,4.36824045956443,1.37921347655502
"Ukraine",2020,3.302,60.505,41.419,9.15,12512.76,-3.753,2.74,-5.146,"Emerging Europe",1.73285465699013,2.90987382824321,4.79594146987318,-2.03299732095635
"Albania",2021,-7.676,75.218,2.873,11.4,14639.6,8.909,2.043,0.422,"Emerging Europe",1.46270192430952,3.12867867763828,5.01358192884317,2.88334419737212
"Bosnia and Herzegovina",2021,-1.77,34.586,3.481,17.355,15030.36,7.392,1.998,3.05,"Emerging Europe",1.4427406900499,3.54785682259955,4.23680508762927,2.69808969411162
"Bulgaria",2021,-1.724,22.462,6.839,5.346,24601.89,7.662,2.842,1.623,"Emerging Europe",1.76726184216297,2.37813066498835,3.80546730466038,2.73365177010233
"Croatia",2021,0.98,78.118,3.879,8.092,32035.69,13.788,2.724,2.754,"Emerging Europe",1.72735497508245,2.78781935124849,5.05140864942595,3.31825827823774
"Hungary",2021,-4.23,76.669,9.731,4.05,33929.09,7.086,5.105,1.8,"Emerging Europe",2.3328253369613,2.10676853206784,5.03268716291394,2.65621035762264
"Kosovo",2021,-8.729,21.581,1.769,20.75,11999.02,10.746,3.306,3.088,"Emerging Europe",1.91101261110346,3.72627355797748,3.76549682751758,3.06983871838662
"Moldova",2021,-12.408,33.639,2.587,3.25,13752.63,13.9,5.099,1.328,"Emerging Europe",2.33167128589255,1.89467213542304,4.2090541451018,3.32632744540109
"Montenegro",2021,-9.201,85.627,0.621,6.5,20663.2,13.043,2.399,2.637,"Emerging Europe",1.6090532287598,2.5708146780957,5.14318192997701,3.26286509532028
"North Macedonia",2021,-2.78,52.75,1.843,15.425,18752.144,4.511,3.231,2.031,"Emerging Europe",1.88906953301899,3.43018582461443,4.65880078605186,2.21173116859185
"Poland",2021,-1.25,53.605,37.84,3.373,34969.08,6.935,5.124,1.745,"Emerging Europe",2.33647123300992,1.93023281501437,4.67487651855071,2.63488629469504
"Romania",2021,-7.231,51.671,19.202,5.608,30993.57,5.709,5.046,2.4,"Emerging Europe",2.32142001055424,2.42519739610267,4.63813749985073,2.44277471262951
"Russian Federation",2021,6.625,16.397,145.864,4.825,28380.23,5.988,6.694,3.312,"Emerging Europe",2.59989182051445,2.27752749909088,3.49117412398239,2.48980514286897
"Serbia",2021,-4.305,56.24,6.834,11.008,19872.67,7.726,4.085,2.509,"Emerging Europe",2.11512454611075,3.0938262199263,4.72285445913936,2.74190060586819
"Turkiye",2021,-0.904,40.384,84.68,11.96,31773.68,11.439,19.596,7.317,"Emerging Europe",3.66912304569652,3.17645810820055,4.39173410489634,3.13208087190596
"Ukraine",2021,-1.943,48.917,40.998,9.835,13076.82,3.446,9.361,6.621,"Emerging Europe",2.93254012963656,2.98166925716512,4.58337662544197,1.95077875221672
"Albania",2022,-5.966,65.546,2.866,11.1,15383.88,4.844,6.726,4.683,"Emerging Europe",2.60460873610924,3.10211519705688,4.87595755161018,2.2813761191786
"Bosnia and Herzegovina",2022,-4.341,29.623,3.473,15.386,15701.63,4.227,14.012,12.014,"Emerging Europe",3.33433218713701,3.42765957651868,4.08198303861908,2.14834671416565
"Bulgaria",2022,-1.398,21.528,6.448,4.206,27119.24,3.926,13.019,10.177,"Emerging Europe",3.26102873212575,2.14350069281749,3.76304058498359,2.07660688221545
"Croatia",2022,-2.787,68.162,3.856,6.783,34271.01,6.343,10.67,7.946,"Emerging Europe",3.06277194102486,2.61295661097341,4.91508821008515,2.54665559927514
"Hungary",2022,-8.222,73.907,9.689,3.6,35627.35,4.555,14.62,9.515,"Emerging Europe",3.37670520946384,1.99283576493974,4.99600049221436,2.22120992410199
"Kosovo",2022,-10.593,20.129,1.77,12.575,12506.09,4.278,11.674,8.368,"Emerging Europe",3.15234072796296,3.22643513188521,3.69592518643883,2.16002133516434
"Moldova",2022,-15.776,34.901,2.541,4.6,13304.37,-4.982,28.567,23.468,"Emerging Europe",4.04570559032341,2.23081417900093,4.24586784056452,-2.30890212721638
"Montenegro",2022,-12.931,70.552,0.633,15.971,21575.95,6.407,13.05,10.651,"Emerging Europe",3.26340006850352,3.46490043262146,4.94954742852477,2.55657361485227
"North Macedonia",2022,-6.118,51.556,1.832,14.375,19289.046,2.221,14.205,10.974,"Emerging Europe",3.3479778603548,3.3598454074626,4.63590981776881,1.538316146164
"Poland",2022,-2.426,49.296,37.654,2.874,36990.16,5.26,14.36,9.236,"Emerging Europe",3.35880390406808,1.77783031346751,4.59109298315292,2.3621939797587
"Romania",2022,-9.11,50.48,19.042,5.625,32688.87,4.595,13.8,8.754,"Emerging Europe",3.31912594469396,2.42817732984585,4.61482249165679,2.22975147920154
"Russian Federation",2022,10.476,18.488,146.714,3.942,27876.86,-1.201,13.75,7.056,"Emerging Europe",3.31550570363074,2.08054863978461,3.61099966113242,-1.01661316119066
"Serbia",2022,-6.85,53.497,6.664,9.396,20898.88,2.55,11.982,7.897,"Emerging Europe",3.17828950457727,2.93625103835027,4.67286010034875,1.66564227291348
"Turkiye",2022,-5.419,30.802,85.28,10.466,33295.94,5.533,72.309,52.713,"Emerging Europe",4.97414359390068,3.04355364492677,4.12099020035216,2.41194526681606
"Ukraine",2022,4.966,78.437,35.028,24.528,10854.64,-29.079,20.183,10.822,"Emerging Europe",3.6986009998595,3.89337778668769,5.05548356768088,-4.06345896588121
"Albania",2023,-3.708,60.019,2.858,11,15935.29,3.297,4.769,-1.957,"Emerging Europe",2.26609909877385,3.09310219505083,4.78787775258072,1.9084036294342
"Bosnia and Herzegovina",2023,-4.34,28.118,3.464,13.3,16025.66,1.8,6.098,-7.914,"Emerging Europe",2.50776425761985,3.28232153671022,4.02987317810671,1.35044074027497
"Bulgaria",2023,0.291,22.049,6.409,4.419,27786.69,1.846,8.599,-4.42,"Emerging Europe",2.84815707077473,2.19162393967697,3.786928269434,1.37256456739799
"Croatia",2023,1.243,63.517,3.843,6.217,35357.54,2.831,8.393,-2.277,"Emerging Europe",2.82407545665589,2.52684091096109,4.8445167283457,1.763604452571
"Hungary",2023,0.262,73.403,9.6,4.125,35631.04,-0.908,17.14,2.52,"Emerging Europe",3.53541198761379,2.12459196043209,4.98915838345333,-0.814801473904725
"Kosovo",2023,-7.567,17.449,1.771,3.5,12912.33,3.3,5.223,-6.451,"Emerging Europe",2.35525997235837,1.96572047164965,3.55324961692477,1.90927401401634
"Moldova",2023,-12.781,34.68,2.496,4.457,13685.43,1.032,13.437,-15.13,"Emerging Europe",3.29254104466821,2.19997697595712,4.23951813291114,0.903820961229617
"Montenegro",2023,-11.424,61.498,0.633,13.133,22870.51,6,8.565,-4.485,"Emerging Europe",2.84422191023917,3.26972166543112,4.8122179304863,2.49177985264491
"North Macedonia",2023,0.698,54.505,1.813,14.3,19692.219,1.027,9.362,-4.843,"Emerging Europe",2.9326463458475,3.35462703561114,4.69152376307756,0.900337185485223
"Poland",2023,1.579,50.825,36.754,2.82,37957.24,0.16,11.424,-2.936,"Emerging Europe",3.13077369988577,1.75993440657083,4.62163230594234,0.159325079865316
"Romania",2023,-7.097,50.655,19.03,5.567,33400.04,2.11,10.397,-3.403,"Emerging Europe",3.03696922610229,2.41797432589955,4.61828253942785,1.491773847182
"Russian Federation",2023,2.532,19.657,146.326,3.167,28952.7,3.585,5.859,-7.891,"Emerging Europe",2.46833053768383,1.86997399447613,3.67222706438597,1.98881332294068
"Serbia",2023,-2.583,48.912,6.638,9.458,21513.22,2.528,12.372,0.390000000000001,"Emerging Europe",3.21021232672448,2.94279122101883,4.5832744276181,1.65758017905282
"Turkiye",2023,-4.073,28.882,86.268,9.388,34401.45,4.517,53.859,-18.45,"Emerging Europe",4.67960287334064,2.93540403708186,4.05666530875403,2.21302890382452
"Ukraine",2023,-5.502,82.873,33.199,19.072,12025.78,5.003,12.851,-7.332,"Emerging Europe",3.24807917589942,3.64205506582847,5.11049289510538,2.31302652002622
"Albania",2024,-3.754,58.022,2.85,11,16476.66,3.08,3.495,-1.274,"Emerging Europe",1.9643459581453,3.09310219505083,4.75404368120508,1.8434456175213
"Bosnia and Herzegovina",2024,-4.479,29.699,3.455,13.3,16468.96,2.5,3.032,-3.066,"Emerging Europe",1.82851746690032,3.28232153671022,4.0845438722174,1.6472311463711
"Bulgaria",2024,-0.253,23.425,6.371,4.3,28719.62,2.737,3.351,-5.248,"Emerging Europe",1.92396064759222,2.16501676414533,3.84740629459801,1.73182562801072
"Croatia",2024,1.452,59.505,3.835,5.77,36496.94,3,3.744,-4.649,"Emerging Europe",2.03067748984951,2.45324517370949,4.77927812033307,1.81844645923207
"Hungary",2024,-0.183,74.664,9.581,4.4,36488.35,2.203,3.723,-13.417,"Emerging Europe",2.02524424635366,2.18742176068697,5.00619007116583,1.53090120291589
"Kosovo",2024,-6.911,18.403,1.772,8.851,13396.3,3.8,3.491,-1.732,"Emerging Europe",1.96324503802564,2.87685366882948,3.60639824015417,2.04502820486763
"Moldova",2024,-11.484,37.322,2.451,3.498,14295.86,2.6,5,-8.437,"Emerging Europe",2.31243834127275,1.96517088420912,4.31290957494662,1.68374314399774
"Montenegro",2024,-12.364,62.306,0.633,16.075,23714.46,3.742,4.164,-4.401,"Emerging Europe",2.13373957194682,3.4713785208933,4.82526930285179,2.03016126494887
"North Macedonia",2024,-0.828,54.589,1.794,14.1,20432.57,2.7,4,-5.362,"Emerging Europe",2.0947125472611,3.34057709467676,4.69306346103114,1.71905185120893
"Poland",2024,0.667,55.084,36.701,2.928,39178.56,3.068,5.014,-6.41,"Emerging Europe",2.3151802776185,1.79542876866899,4.70208885600731,1.8397333914477
"Romania",2024,-7.107,53.007,18.944,5.6,34482.23,2.771,6.049,-4.348,"Emerging Europe",2.49980356475912,2.42379204358752,4.6636601251291,1.74343009057493
"Russian Federation",2024,2.714,20.762,142.924,3.117,30579.42,3.163,6.87,1.011,"Emerging Europe",2.6255666468278,1.85480980574851,3.72685103424108,1.868768892143
"Serbia",2024,-3.89,49.11,6.611,9.4,22348.04,3.465,4.759,-7.613,"Emerging Europe",2.2640447914791,2.93667427161666,4.58731350185673,1.95606051991723
"Turkiye",2024,-2.772,30.873,87.237,9.6,35074.21,3.102,59.52,5.661,"Emerging Europe",4.77953013264852,2.95761198081578,4.123291383316,1.85021750570083
"Ukraine",2024,-5.732,94.048,33.365,14.514,12349.12,3.202,6.446,-6.405,"Emerging Europe",2.56257009196406,3.36944554218939,5.2369807340704,1.88045996460818
"Albania",2025,-4.137,57.024,2.84,11,17090.91,3.393,2.999,-0.496,"Emerging Europe",1.81813018402292,3.09310219505083,4.73669628554002,1.93590223975804
"Bosnia and Herzegovina",2025,-4.283,30.225,3.445,13.3,17012.11,3,2.672,-0.36,"Emerging Europe",1.70928245439783,3.28232153671022,4.10209012231812,1.81844645923207
"Bulgaria",2025,-1.241,24.891,6.332,4.2,29737.97,2.925,2.742,-0.609,"Emerging Europe",1.73354012410881,2.14211190823691,3.90805673984221,1.79445872258462
"Croatia",2025,0.932,58.373,3.829,5.5,37557.93,2.737,2.229,-1.515,"Emerging Europe",1.5415956563706,2.40605912529802,4.76007399621799,1.73182562801072
"Hungary",2025,-0.275,73.431,9.556,4.231,37807.54,3.345,3.549,-0.174,"Emerging Europe",1.97909540392105,2.14926718059256,4.98953973114289,1.92224349279535
"Kosovo",2025,-5.819,19.081,1.772,6.6,13925.19,4,2.259,-1.232,"Emerging Europe",1.55380711065288,2.58590725287313,3.64252620361549,2.0947125472611
"Moldova",2025,-10.327,35.157,2.408,3.498,15258.08,4.83,5,0,"Emerging Europe",2.31243834127275,1.96517088420912,4.25317312714158,2.27854170095463
"Montenegro",2025,-13.549,61.439,0.634,10.118,24413.69,3,2.721,-1.443,"Emerging Europe",1.72632061561664,3.00989632752086,4.81125821618566,1.81844645923207
"North Macedonia",2025,-2.747,54.541,1.775,14,21414.871,3.7,2.5,-1.5,"Emerging Europe",1.6472311463711,3.33347758688399,4.69218392388766,2.01926065615496
"Poland",2025,-0.166,57.701,36.638,2.986,40609.55,3.476,4.966,-0.048,"Emerging Europe",2.30574850005405,1.81400994875734,4.74849676497308,1.95910617994573
"Romania",2025,-6.845,56.247,18.832,5.4,35936.76,3.601,4.048,-2.001,"Emerging Europe",2.1062889915981,2.38801132228465,4.72297889829843,1.99310337429928
"Russian Federation",2025,2.734,21.88,142.607,3.201,31202.54,1.811,4.548,-2.322,"Emerging Europe",2.2197077970165,1.88016181693864,3.77924195976012,1.35577037204945
"Serbia",2025,-4.657,48.294,6.585,9.326,23437.14,4.454,3.098,-1.661,"Emerging Europe",1.84898949444864,2.9288154772608,4.57056168251672,2.1993199949362
"Turkiye",2025,-2.187,31.009,88.19,9.593,35800.94,3.187,38.414,-21.106,"Emerging Europe",4.34173853254866,2.95688647652768,4.12768455884798,1.87597881702024
"Ukraine",2025,-8.209,96.721,34.316,13.824,12783.09,6.465,7.578,1.132,"Emerging Europe",2.72272175903942,3.32085902821812,5.26500444867985,2.56547863078423
"Albania",2026,-3.9,56.473,2.831,11,17750.32,3.507,2.957,-0.0420000000000003,"Emerging Europe",1.80476024102444,3.09310219505083,4.72698820874263,1.96764174373225
"Bosnia and Herzegovina",2026,-4.102,31.096,3.436,13.3,17568.22,3,2.512,-0.16,"Emerging Europe",1.65167863709504,3.28232153671022,4.13048481581189,1.81844645923207
"Bulgaria",2026,-0.768,26.878,6.294,4.2,30794.05,2.93,2.17,-0.572,"Emerging Europe",1.51717578163745,2.14211190823691,3.98480116497254,1.79607497170239
"Croatia",2026,0.38,57.115,3.822,5.5,38649.81,2.737,2.239,0.00999999999999979,"Emerging Europe",1.54568129204672,2.40605912529802,4.73829058814052,1.73182562801072
"Hungary",2026,-0.311,72.404,9.532,4.096,38962.51,2.8,2.909,-0.64,"Emerging Europe",1.78927005420926,2.11773677795933,4.97545641226803,1.75322890111027
"Kosovo",2026,-5.417,19.832,1.773,2.5,14461.04,3.9,1.873,-0.386,"Emerging Europe",1.38535279366372,1.6472311463711,3.68107900389945,2.07016923992771
"Moldova",2026,-9.445,32.891,2.365,3.498,16313.34,5.012,5,0,"Emerging Europe",2.31243834127275,1.96517088420912,4.18657725711367,2.31478902352752
"Montenegro",2026,-13.38,62.209,0.634,11,25133.53,3,2.051,-0.67,"Emerging Europe",1.46621346642181,3.09310219505083,4.82371145826896,1.81844645923207
"North Macedonia",2026,-2.726,54.011,1.755,13.9,22504.613,3.9,2,-0.5,"Emerging Europe",1.44363547517881,3.32632744540109,4.68242059803285,2.07016923992771
"Poland",2026,-0.489,59.518,36.566,3.045,42030.43,3.296,3.582,-1.384,"Emerging Europe",1.98800696079369,1.83258146374831,4.77949653467519,1.90811334006131
"Romania",2026,-6.745,59.058,18.715,5.2,37553.46,3.849,3.33,-0.718,"Emerging Europe",1.91793820618666,2.35092571975091,4.77173886217837,2.05742376271839
"Russian Federation",2026,2.803,22.788,142.253,3.535,31671.19,1.25,4,-0.548,"Emerging Europe",2.0947125472611,1.97529152443771,3.81986233873006,1.04759301264926
"Serbia",2026,-4.986,47.117,6.558,9.26,24474.77,4.01,3,-0.0979999999999999,"Emerging Europe",1.81844645923207,2.92175409419373,4.54589364364607,2.09713505448001
"Turkiye",2026,-1.742,32.029,89.123,9.543,36588.79,3.282,22.409,-16.005,"Emerging Europe",3.80310731911396,2.95168902227105,4.1600325326486,1.90404079996954
"Ukraine",2026,-6.983,95.923,35.082,11.565,13128.44,4.994,6.178,-1.4,"Emerging Europe",2.52062838511104,3.14299442692154,5.25672013605056,2.31126096508619
"Albania",2027,-3.618,55.827,2.821,11,18431.57,3.463,3.003,0.0460000000000003,"Emerging Europe",1.8193947158644,3.09310219505083,4.71548500846896,1.95550580468824
"Bosnia and Herzegovina",2027,-3.998,31.918,3.426,13.3,18147.92,3,1.987,-0.525,"Emerging Europe",1.4378065366385,3.28232153671022,4.15656260092844,1.81844645923207
"Bulgaria",2027,-0.395,28.277,6.257,4.2,31800.93,2.65,2.046,-0.124,"Emerging Europe",1.46402005128344,2.14211190823691,4.03550844812651,1.70154329100884
"Croatia",2027,0.178,56.02,3.816,5.5,39734.99,2.638,2.24,0.00100000000000033,"Emerging Europe",1.54608901877631,2.40605912529802,4.71893560335025,1.6972981865189
"Hungary",2027,-0.118,71.177,9.509,3.965,40229.83,3,3,0.0910000000000002,"Emerging Europe",1.81844645923207,2.08618865973515,4.95836625641916,1.81844645923207
"Kosovo",2027,-5.206,20.366,1.774,11.7,15003.06,3.8,2,0.127,"Emerging Europe",1.44363547517881,3.15455732347928,3.7076162180391,2.04502820486763
"Moldova",2027,-9.415,31.9,2.323,3.498,17443.14,5.021,5,0,"Emerging Europe",2.31243834127275,1.96517088420912,4.15599877355318,2.31654848591033
"Montenegro",2027,-13.532,63.169,0.634,13.549,25874.6,3,1.976,-0.0750000000000002,"Emerging Europe",1.43285053988546,3.30081898914262,4.83902350073575,1.81844645923207
"North Macedonia",2027,-2.789,53.258,1.734,13.9,23668.102,3.9,2,0,"Emerging Europe",1.44363547517881,3.32632744540109,4.66838333639967,2.07016923992771
"Poland",2027,-0.594,61.447,36.493,3.2,43376.45,2.996,2.9,-0.682,"Emerging Europe",1.7863401998169,1.87986358439691,4.81138840092089,1.81718078864748
"Romania",2027,-6.323,61.364,18.593,5.1,39253.33,3.849,2.956,-0.374,"Emerging Europe",1.80443983502941,2.33186371852127,4.81003690946307,2.05742376271839
"Russian Federation",2027,2.962,23.31,141.866,3.435,32154.56,1.25,4,0,"Emerging Europe",2.0947125472611,1.94770859556868,3.84248941980936,1.04759301264926
"Serbia",2027,-5.062,47.105,6.532,9.194,25556.11,4.001,3,0,"Emerging Europe",1.81844645923207,2.91464278553213,4.54563898342656,2.09495505435687
"Turkiye",2027,-1.764,32.083,90.035,9.524,37465.63,3.445,19.018,-3.391,"Emerging Europe",3.63922357461136,2.9497069237657,4.16171626601366,1.95050002079894
"Ukraine",2027,-5.133,93.815,35.82,10.364,13436.68,4.502,5.228,-0.95,"Emerging Europe",2.35619976476623,3.03380483525506,5.23450034233155,2.20978147767984
"Albania",2028,-3.557,54.734,2.81,11,19144.77,3.473,3.024,0.0209999999999999,"Emerging Europe",1.82600872681015,3.09310219505083,4.69571570852402,1.95827642899002
"Bosnia and Herzegovina",2028,-3.979,32.433,3.416,13.3,18746.9,3,1.988,0.00099999999999989,"Emerging Europe",1.43825599612507,3.28232153671022,4.17256118414898,1.81844645923207
"Bulgaria",2028,-0.399,29.61,6.219,4.2,32869.5,2.74,2,-0.0459999999999998,"Emerging Europe",1.44363547517881,2.14211190823691,4.08154434410534,1.73285465699013
"Croatia",2028,-0.054,54.931,3.81,5.5,40835.71,2.6,2.209,-0.0310000000000001,"Emerging Europe",1.53337842103064,2.40605912529802,4.69930787482391,1.68374314399774
"Hungary",2028,-0.039,69.662,9.485,3.818,41621.73,3.2,3,0,"Emerging Europe",1.81844645923207,2.04959896632869,4.93685366869786,1.87986358439691
"Kosovo",2028,-4.873,21.182,1.775,0.173,15565.39,3.8,2,0,"Emerging Europe",1.44363547517881,0.172148466535252,3.74685567341129,2.04502820486763
"Moldova",2028,-9.154,31.375,2.281,3.498,18654.64,5.041,5,0,"Emerging Europe",2.31243834127275,1.96517088420912,4.13941244554251,2.32044756602787
"Montenegro",2028,-13.525,64.826,0.635,2.2,26637.52,3,1.942,-0.034,"Emerging Europe",1.41739207833593,1.5296604950904,4.86491342237506,1.81844645923207
"North Macedonia",2028,-2.767,52.585,1.712,13.9,24888.737,3.8,2,0,"Emerging Europe",1.44363547517881,3.32632744540109,4.65566848622827,2.04502820486763
"Poland",2028,-0.774,62.648,36.42,3.259,44753.78,2.969,2.5,-0.4,"Emerging Europe",1.6472311463711,1.89731556562245,4.83074262989253,1.80859754567943
"Romania",2028,-6.078,63.454,18.467,5,40945.53,3.6,3.041,0.085,"Emerging Europe",1.83133267333816,2.31243834127275,4.84352449876515,1.99283576493974
"Russian Federation",2028,3.016,23.696,141.449,3.535,32652.47,1.25,4,0,"Emerging Europe",2.0947125472611,1.97529152443771,3.85889837667228,1.04759301264926
"Serbia",2028,-5.221,47.185,6.513,9.127,26664.69,4.025,3,0,"Emerging Europe",1.81844645923207,2.90737193715305,4.54733549480027,2.10075817185656
"Turkiye",2028,-1.769,33.022,90.926,9.524,38379.96,3.454,18.612,-0.406000000000002,"Emerging Europe",3.61767462989968,2.9497069237657,4.19055037039369,1.95300592141543
"Ukraine",2028,-4.985,91.186,36.019,9.167,13937.29,4.3,5,-0.228,"Emerging Europe",2.31243834127275,2.9117190610221,5.2060786222843,2.16501676414533
"Albania",2029,-3.522,55.32,2.799,11,19889.2,3.473,2.999,-0.0249999999999999,"Emerging Europe",1.81813018402292,3.09310219505083,4.70636336862151,1.95827642899002
"Bosnia and Herzegovina",2029,-3.888,32.388,3.405,13.3,19371.49,3,1.982,-0.00600000000000001,"Emerging Europe",1.43555652883452,3.28232153671022,4.17117340540738,1.81844645923207
"Bulgaria",2029,-0.406,30.832,6.182,4.2,33922.66,2.585,2,0,"Emerging Europe",1.44363547517881,2.14211190823691,4.12196317696101,1.67834488458608
"Croatia",2029,-0.142,53.972,3.803,5.504,41966.92,2.6,2.229,0.02,"Emerging Europe",1.5415956563706,2.40677441529632,4.68169838594269,1.68374314399774
"Hungary",2029,0.129,68.237,9.462,3.689,43058.51,3.2,3,0,"Emerging Europe",1.81844645923207,2.01638667399058,4.91618780680315,1.87986358439691
"Kosovo",2029,-4.56,21.468,1.794,16.719,15988.99,3.8,2,0,"Emerging Europe",1.44363547517881,3.51058615484585,3.76025264043883,2.04502820486763
"Moldova",2029,-8.346,29.806,2.241,3.498,19942.02,4.997,5,0,"Emerging Europe",2.31243834127275,1.96517088420912,4.08813818289861,2.31184982308746
"Montenegro",2029,-13.55,66.075,0.635,7.025,27422.94,3,1.934,-0.00800000000000001,"Emerging Europe",1.41372367972663,2.64765012203304,4.88399489802079,1.81844645923207
"North Macedonia",2029,-2.564,52.652,1.688,13.9,26120.736,3.5,2,0,"Emerging Europe",1.44363547517881,3.32632744540109,4.65694157293364,1.96572047164965
"Poland",2029,-0.968,63.911,36.347,3.317,46193.9,3.011,2.5,0,"Emerging Europe",1.6472311463711,1.91419254374538,4.85069987074999,1.82191923702379
"Romania",2029,-6.024,65.504,18.342,4.9,42667.11,3.5,3.016,-0.0249999999999999,"Emerging Europe",1.82349399692519,2.29263575204241,4.87531664949334,1.96572047164965
"Russian Federation",2029,3.048,24.031,141.006,3.669,33164.49,1.25,4,0,"Emerging Europe",2.0947125472611,2.01114074076458,3.87292447195404,1.04759301264926
"Serbia",2029,-5.393,46.084,6.493,9.062,27815.67,4.004,3,0,"Emerging Europe",1.81844645923207,2.90026754934126,4.52373069508724,2.09568223350092
"Turkiye",2029,-1.81,33.596,91.795,9.526,39341.45,3.485,18.604,-0.00799999999999912,"Emerging Europe",3.61724532675086,2.94991574980783,4.2077756147468,1.96159147010745
"Ukraine",2029,-4.468,88.186,35.98,8.792,14538.39,4.2,5,0,"Emerging Europe",2.31243834127275,2.87020800300927,5.17262754628497,2.14211190823691
